date,river_id,organization,country,plastic_pet,plastic_hdpe,plastic_pvc,plastic_ldpe,plastic_pp,plastic_ps,plastic_other,plastic_debris_polymers_total
Jun 2020,Athi,Chemolex,Kenya,430,260,100,300,150,120,140,1500
Jul 2020,Athi,Chemolex,Kenya,1710,1280,500,800,600,430,1560,6880
Aug 2020,Athi,Chemolex,Kenya,1940,1870,690,995,830,910,1115,8350
Aug 2020,Lat Phrao,TerraCycle Global Foundation,Thailand,312.18,334.78,317.25,4515.8331,156.11,295.1608934944,1557.1122939119998,7488.426287406399
Sep 2020,Athi,Chemolex,Kenya,1450,580,200,250,150,440,530,3600
Sep 2020,Lat Phrao,TerraCycle Global Foundation,Thailand,247.28,174.8,22.64,5226.5037544221,137.07,248.5159811334,1737.6402644445,7794.45
Oct 2020,Athi,Chemolex,Kenya,4480,4280,600,1950,1050,800,1310,14470
Oct 2020,Lat Phrao,TerraCycle Global Foundation,Thailand,291.45,270.65,35.58,3827.174274612101,180.28,191.7887973934,1289.7769279945,6086.700000000001
Nov 2020,Athi,Chemolex,Kenya,3800,3320,250,1650,830,490,1710,12050
Nov 2020,Lat Phrao,TerraCycle Global Foundation,Thailand,271.25,249.41,24.410000000000004,5230.5715241791,186.58,251.6839458114,1859.1945300094999,8073.1
Dec 2020,Athi,Chemolex,Kenya,6000,4200,440,2250,680,880,1550,16000
Dec 2020,Lat Phrao,TerraCycle Global Foundation,Thailand,283.82,299.95,44.1,1631.6409425901,223.3,105.8812894054,733.7977680045,3322.4900000000007
Jan 2021,Athi,Chemolex,Kenya,6927,5160,260,2077,1030,150,2536,18140
Jan 2021,Lat Phrao,TerraCycle Global Foundation,Thailand,281.65000000000003,249.25,27.47,1562.1879856262,189.62,101.12979129479999,573.942223079,2985.25
Jan 2021,Portoviejo,Ichthion,Ecuador,0.9,0,0,0,0,0,0,0.9
Jan 2021,Tijuana,WILDCOAST,Mexico,43.7,40,13,0,0,13.78,841.17,951.65
Feb 2021,Athi,Chemolex,Kenya,7790,5350,525,2700,1465,536,2857,21223
Feb 2021,Lat Phrao,TerraCycle Global Foundation,Thailand,228.57999999999998,211.53000000000003,34.95,1408.9494690819001,158.76,95.91812968259998,495.16240123549994,2633.85
Feb 2021,Portoviejo,Ichthion,Ecuador,0.55,0.45,0,0.35,1.05,0,0,2.4000000000000004
Feb 2021,Tijuana,WILDCOAST,Mexico,310.8,108.35,0,0,0,148.65,885.72,1453.52
Mar 2021,Athi,Chemolex,Kenya,11020,7700,408,2770,3680,980,3467,30025
Mar 2021,Lat Phrao,TerraCycle Global Foundation,Thailand,252.61,248.89999999999998,42.52,4294.7707862985,174.07999999999998,231.28692701899996,1440.3122866825001,6684.48
Mar 2021,Portoviejo,Ichthion,Ecuador,0.55,2.6,0,3.4,0,0,0,6.550000000000001
Mar 2021,Song Hong,Ocean Conservancy,Vietnam,4.42,5.5,4.53,115.5,1.5,5.22,2.7,139.36999999999998
Mar 2021,Tijuana,WILDCOAST,Mexico,194,60,0,0,0,42.9,913.13,1210.03
Apr 2021,Athi,Chemolex,Kenya,13427,11360,965,4100,20235,1398,6900,58385
Apr 2021,Lat Phrao,TerraCycle Global Foundation,Thailand,258.39,162.96,33.56,2004.7618738904002,154.77999999999997,133.9377102416,670.830415868,3419.2200000000003
Apr 2021,Portoviejo,Ichthion,Ecuador,11.25,39.45,0,2,0,0,0,52.7
Apr 2021,Song Hong,Ocean Conservancy,Vietnam,5.01,1.41,6.4,37.16,3.7,8.5,2.2,64.38
Apr 2021,Tijuana,WILDCOAST,Mexico,338.8,98.9,0,147,7,0,399.3,991
May 2021,Athi,Chemolex,Kenya,19670,8490,1255,5310,2245,540,5633,43143
May 2021,Lat Phrao,TerraCycle Global Foundation,Thailand,238.99,238.99,123.53,3752.8145052549007,139.09,304.2116072246,1241.6138875205,6039.240000000001
May 2021,Portoviejo,Ichthion,Ecuador,12.3,9.8,0,1.1,0,0,0,23.200000000000003
May 2021,Song Hong,Ocean Conservancy,Vietnam,1.5,0.6,5.8,58.2,0.5,6,2.7,75.30000000000001
May 2021,Tijuana,WILDCOAST,Mexico,317,99,0,0,0,0,640.44,1056.44
Jun 2021,Athi,Chemolex,Kenya,10200,4602,498,2115,3540,885,2670,24510
Jun 2021,Lat Phrao,TerraCycle Global Foundation,Thailand,517.03,517.03,272.81,1560.7908,334.67999999999995,431.3567432816,726.950210068,4360.6477533496
Jun 2021,Portoviejo,Ichthion,Ecuador,5.7,17.7,0,6.32,0,7.4,0,37.12
Jun 2021,Song Hong,Ocean Conservancy,Vietnam,8.4,0,9.2,58.2,3.2,8.7,2.3,90.00000000000001
Jun 2021,Tijuana,WILDCOAST,Mexico,450,180,0,0,8,7,1244.9,1889.9
Jul 2021,Athi,Chemolex,Kenya,9603,2951,400,2466,1204,735,2587,19946
Jul 2021,Lat Phrao,TerraCycle Global Foundation,Thailand,158.97,158.97,94.1,5064.141577518099,0,375.8280267174,1683.0503957644999,7535.0599999999995
Jul 2021,Portoviejo,Ichthion,Ecuador,4.9,11.2,0,5.25,0,0,0,21.35
Jul 2021,Song Hong,Ocean Conservancy,Vietnam,6.8,1.3,4.5,34.599999999999994,5.2,4.6,6.6,63.6
Jul 2021,Tijuana,WILDCOAST,Mexico,472,152,0,0,0,0,3086.5,3710.5
Aug 2021,Athi,Chemolex,Kenya,12858,4274,469,1547,1497,483,2484,23612
Aug 2021,Lat Phrao,TerraCycle Global Foundation,Thailand,253.25,175.44,9.44,10184.9883655682,235.51,478.1342549628,3389.3973794689996,14726.160000000002
Aug 2021,Portoviejo,Ichthion,Ecuador,3.24,10.31,0,3.255,0,7.075,0,23.88
Aug 2021,Song Hong,Ocean Conservancy,Vietnam,2.8,0.8,2.8,32.7,2.9,2.8,0,44.8
Aug 2021,Tijuana,WILDCOAST,Mexico,496,197,0,76,72.5,0,1753.63,2595.13
Sep 2021,Athi,Chemolex,Kenya,10907,4266,109,1032,895,260,1988,19457
Sep 2021,Lat Phrao,TerraCycle Global Foundation,Thailand,615.46,290.01,0,8085.8124130337,297.90999999999997,373.3115967998,2690.8259901664997,12353.33
Sep 2021,Portoviejo,Ichthion,Ecuador,7.965,24.74,0,3.15,0,4.835,0,40.69
Sep 2021,Song Hong,Ocean Conservancy,Vietnam,3.6,2,3.7,27,5.1,2,0,43.4
Sep 2021,Tijuana,WILDCOAST,Mexico,754,340,0,77,0,7,1383.03,2561.0299999999997
Oct 2021,Athi,Chemolex,Kenya,11582,5658,382,1998,1368,200,4004,25192
Oct 2021,Lat Phrao,TerraCycle Global Foundation,Thailand,460.35,312.37,0,5964.5456046446,275.96999999999997,296.6612696484,1984.9031257069998,9294.800000000001
Oct 2021,Portoviejo,Ichthion,Ecuador,5.6,16.15,0,6.33,0,6.67,0,34.75
Oct 2021,Song Hong,Ocean Conservancy,Vietnam,1.7,0,1.5,5.8,0,1.4,0,10.4
Oct 2021,Tijuana,WILDCOAST,Mexico,1181,419,0,0,67,0,2709,4376
Nov 2021,Athi,Chemolex,Kenya,15528,7859,839,2355,3002,921,3841,34345
Nov 2021,Lat Phrao,TerraCycle Global Foundation,Thailand,489.2,459.94,0,6027.4994604643,561.98,341.1474012922,2005.8531382434996,9885.619999999999
Nov 2021,Portoviejo,Ichthion,Ecuador,13.51,7.33,0,8.77,0,5.48,0,35.09
Nov 2021,Song Hong,Ocean Conservancy,Vietnam,0.4,0.6,0,6.3,0,0.7,0,8
Nov 2021,Tijuana,WILDCOAST,Mexico,880,409,0,0,0,28,584.65,1901.65
Dec 2021,Athi,Chemolex,Kenya,12447,5502,729,2872,2486,1751,3059,28846
Dec 2021,Citarum,Greeneration Foundation,Indonesia,7,1106.7,0,470.7,1927,0,449.6,3961
Dec 2021,Lat Phrao,TerraCycle Global Foundation,Thailand,587.51,443.96000000000004,0,5821.8627855022005,379.95,386.2665949988,1937.4206194989997,9556.97
Dec 2021,Portoviejo,Ichthion,Ecuador,5.81,18.61,0,10.99,0,11.99,0,47.4
Dec 2021,Song Hong,Ocean Conservancy,Vietnam,0.5,0.4,1,18.299999999999997,0.4,6.1,0.7,27.399999999999995
Dec 2021,Tijuana,WILDCOAST,Mexico,857,374,0,0,0,25,1445.43,2701.4300000000003
Jan 2022,Athi,Chemolex,Kenya,11662,5398,323,2427,1644,782,2926,25162
Jan 2022,Citarum,Greeneration Foundation,Indonesia,49.2,4510.6,0,337,5860,0,355.20000000000005,11112
Jan 2022,Lat Phrao,TerraCycle Global Foundation,Thailand,586.86,404.6,3.0999999999999996,4971.953053155401,407.36,318.1923715516,1654.584575293,8346.65
Jan 2022,Portoviejo,Ichthion,Ecuador,7.64,19.62,0,8.53,0,13.06,0,48.85
Jan 2022,Song Hong,Ocean Conservancy,Vietnam,1.5,1.4,0,11,0.8999999999999999,2.2,0,17
Jan 2022,Tijuana,WILDCOAST,Mexico,795,435,0,0,0,0,1526.18,2756.1800000000003
Feb 2022,Athi,Chemolex,Kenya,10659,4573,393,2699,1912,815,2582,23633
Feb 2022,Citarum,Greeneration Foundation,Indonesia,49,5088.7,0,349,13351.5,2,466,19306.2
Feb 2022,Lat Phrao,TerraCycle Global Foundation,Thailand,362.62,253.64,0,5464.257196517099,249.89999999999998,298.8870172634,1814.1057862194998,8443.41
Feb 2022,Portoviejo,Ichthion,Ecuador,5.71,12.47,0,7.3,0,7.69,0,33.17
Feb 2022,Song Hong,Ocean Conservancy,Vietnam,1.1,1,0.4,16.3,0.5,0.8,0,20.1
Feb 2022,Tijuana,WILDCOAST,Mexico,1125,438.5,2,0,0,0,169.4,1734.9
Mar 2022,Athi,Chemolex,Kenya,8963,6075,285,2903,1064,578,2602,22470
Mar 2022,Citarum,Greeneration Foundation,Indonesia,96.8,5383.9,0,437.9,14743.2,0,498.5,21160.3
Mar 2022,Kingston,The Ocean Cleanup,Jamaica,1312.1,0,0,0,0,0,0,1312.1
Mar 2022,Lat Phrao,TerraCycle Global Foundation,Thailand,534.61,255.51999999999998,0,8547.1442623455,348.63,420.165697357,2823.9500402975,12930.02
Mar 2022,Portoviejo,Ichthion,Ecuador,3.34,0,0,1.92,0,1.21,0,6.47
Mar 2022,Song Hong,Ocean Conservancy,Vietnam,2.7,0.8,0,16.7,0,1.9,1.5,23.599999999999998
Mar 2022,Tijuana,WILDCOAST,Mexico,1502,567,0,0,0,36,1683.48,3788.48
Apr 2022,Athi,Chemolex,Kenya,8449,4687,470,1899,952,946,2035,19438
Apr 2022,Citarum,Greeneration Foundation,Indonesia,112.1,6853.2,0,449.4,7570,0,446.3,15431
Apr 2022,Kingston,The Ocean Cleanup,Jamaica,586.53,0,0,0,0,0,0,586.53
Apr 2022,Lat Phrao,TerraCycle Global Foundation,Thailand,305.15000000000003,157.1,0,6267.5494453479005,245.2,288.2686644466,2079.2518902055,9342.52
Apr 2022,Portoviejo,Ichthion,Ecuador,4.62,17.73,0,2.31,0,3.44,0,28.1
Apr 2022,Song Hong,Ocean Conservancy,Vietnam,2.5,0.5,4,9.3,0,1.8,0,18.1
Apr 2022,Tijuana,WILDCOAST,Mexico,1063,632,0,0.26,0,14.6,1260.24,2970.1
May 2022,Athi,Chemolex,Kenya,4936,3897,370,1828,1390,614,2133,15168
May 2022,Citarum,Greeneration Foundation,Indonesia,55,2302.7,0,437.6,1880.9,0,194,4870.2
May 2022,Kingston,The Ocean Cleanup,Jamaica,869.43,0,0,0,0,0,0,869.43
May 2022,Lat Phrao,TerraCycle Global Foundation,Thailand,586.65,323.5,0,7058.538022091401,286.75,359.6130284956,2332.9889494130002,10948.04
May 2022,Portoviejo,Ichthion,Ecuador,8.81,9.5,0,4.51,0,9.04,0,31.86
May 2022,Song Hong,Ocean Conservancy,Vietnam,32.2,44.300000000000004,5,385,4.7,41.1,23.3,535.6
May 2022,Tijuana,WILDCOAST,Mexico,1596.5,858,0,0,0,0,275.6,2730.1
Jun 2022,Athi,Chemolex,Kenya,5796,3095,146,1390,1228,917,1165,13737
Jun 2022,Citarum,Greeneration Foundation,Indonesia,5,10087.7,0,641.3,16939,0,554,28227
Jun 2022,Kingston,The Ocean Cleanup,Jamaica,2269.76,0,0,57,966.05,292.55,0,3585.36
Jun 2022,Lat Phrao,TerraCycle Global Foundation,Thailand,493.59999999999997,252.39,10.61,7376.3824516941,276.34,352.8330626214,2445.5544856845,11207.71
Jun 2022,Portoviejo,Ichthion,Ecuador,6.25,7,0,55.34,0,7.2,0,75.79
Jun 2022,Song Hong,Ocean Conservancy,Vietnam,23,0,5.2,5.1,1.2,23.5,0,58
Jun 2022,Tijuana,WILDCOAST,Mexico,1400,558,0,0,0,0,785.81,2743.81
Jul 2022,Athi,Chemolex,Kenya,3192,1848,598,8281,916,2141,3788,20764
Jul 2022,Citarum,Greeneration Foundation,Indonesia,0,10490.5,0,678.7,17257,0,723,29149.2
Jul 2022,Kingston,The Ocean Cleanup,Jamaica,905.5,0,0,385.4,363.5,143,0,1797.4
Jul 2022,Lat Phrao,TerraCycle Global Foundation,Thailand,499.95000000000005,205.6,8.5,7057.598811489601,238.64999999999998,371.6317522784,2336.8894362319998,10718.82
Jul 2022,Portoviejo,Ichthion,Ecuador,10.6,12.65,0,10.37,0,18.39,0,52.01
Jul 2022,Song Hong,Ocean Conservancy,Vietnam,39.4,19,0.3,42.8,8.5,55.4,32,197.39999999999998
Jul 2022,Tijuana,WILDCOAST,Mexico,1587,527.5,0,0,0,0,503.22,2617.7200000000003
Aug 2022,Athi,Chemolex,Kenya,5349,1852,8,14801,1344,8633,17,32004
Aug 2022,Citarum,Greeneration Foundation,Indonesia,17.6,6017.3,0,586.4,16543.9,0,449.9,23615.100000000002
Aug 2022,Kingston,The Ocean Cleanup,Jamaica,843.1,260,0,767.8,378.11,55.25,0,2304.2599999999998
Aug 2022,Lat Phrao,TerraCycle Global Foundation,Thailand,499.16,221.3,0.19,6913.1377963573,218.97000000000003,377.7391517142,2277.9930519285,10508.490000000002
Aug 2022,Portoviejo,Ichthion,Ecuador,18.11,20.82,0,7.68,0,22.16,0,68.77
Aug 2022,Song Hong,Ocean Conservancy,Vietnam,42.3,54.6,23.7,47.9,6.6,55.2,0.7,231
Aug 2022,Tijuana,WILDCOAST,Mexico,1067.1,459.7,0,8.8,0,0,744.85,2280.45
Sep 2022,Athi,Chemolex,Kenya,8496.81,2461.387,22,11486.016,3189.879,7199.9749999999985,60,32916.066999999995
Sep 2022,Citarum,Greeneration Foundation,Indonesia,145.1,2471.2,0,542,17545.7,0,352.1,21056.1
Sep 2022,Juan Díaz,Marea Verde,Panama,46.00440764528,7.329905303,2.77959132962,0.94010260974,0.76909271278,11.43052629614,8.048328377879999,77.30195427443999
Sep 2022,Kingston,The Ocean Cleanup,Jamaica,153.5,27.5,0,529.9,106.5,43.5,0,860.9
Sep 2022,Lat Phrao,TerraCycle Global Foundation,Thailand,538.45,259.84000000000003,0,8032.1500420595,193,413.287677513,2654.2522804275004,12090.98
Sep 2022,Portoviejo,Ichthion,Ecuador,6.92,18.61,0,14.74,0,10.52,0,50.790000000000006
Sep 2022,Song Hong,Ocean Conservancy,Vietnam,24.5,2.1,26,29.2,17,29.9,0,128.7
Sep 2022,Tijuana,WILDCOAST,Mexico,1488,965,0,0,0,0,3676.11,6129.110000000001
Oct 2022,Athi,Chemolex,Kenya,5384.9000000000005,2305.1,13,14056.8,3899.4999999999995,6345.3,26,32030.6
Oct 2022,Citarum,Greeneration Foundation,Indonesia,131.6,7282.7,0,487.7,8049.5,0,72.6,16024.1
Oct 2022,Juan Díaz,Marea Verde,Panama,905.0689403067202,144.205087397,54.68436412838,18.49513375626,15.13076598922,224.87876382986,158.33900291412002,1520.80205832156
Oct 2022,Kingston,The Ocean Cleanup,Jamaica,0,0,0,11,0,6,0,17
Oct 2022,Lat Phrao,TerraCycle Global Foundation,Thailand,293.85,156.35000000000002,1.46,5346.5048751,131.25,296.4007347558,1890.3803617964998,8116.1959716523
Oct 2022,Portoviejo,Ichthion,Ecuador,5.29,10.5,0,23.87,0,6.75,0,46.41
Oct 2022,Song Hong,Ocean Conservancy,Vietnam,22.5,3.9000000000000004,31.1,16.2,28.200000000000003,28.8,6.9,137.6
Oct 2022,Tijuana,WILDCOAST,Mexico,1265,544,0,0,0,0,782.47,2591.4700000000003
Nov 2022,Athi,Chemolex,Kenya,8072,1772,110,15089,467,7071,229,32810
Nov 2022,Citarum,Greeneration Foundation,Indonesia,232,5865.4,0,549.1,7992.9,0,125.7,14765.1
Nov 2022,Juan Díaz,Marea Verde,Panama,540.49492216256,86.117326556,32.65676217224,11.04504357048,9.03588867256,134.29455430328,94.55790961776,908.2024070548798
Nov 2022,Kingston,The Ocean Cleanup,Jamaica,38,19,0,2,0,14.5,0,73.5
Nov 2022,Lat Phrao,TerraCycle Global Foundation,Thailand,219.2,149,0.55,5457.4400725,121.39999999999999,283.54011580499997,1915.8664423374998,8146.996630642501
Nov 2022,Portoviejo,Ichthion,Ecuador,4.14,11.06,0,10.04,0,4.76,0,30
Nov 2022,Song Hong,Ocean Conservancy,Vietnam,33.5,11,33.2,124,35.599999999999994,44.4,9.6,291.30000000000007
Nov 2022,Tijuana,WILDCOAST,Mexico,734.5,330,0,0,0,41,593.39,1698.8899999999999
Dec 2022,Athi,Chemolex,Kenya,4970,1214,81,9852,323,4778,122,21340
Dec 2022,Citarum,Greeneration Foundation,Indonesia,270.8,1167.43,0,1055.3,2025.8,356.8,1776.7,6652.83
Dec 2022,Juan Díaz,Marea Verde,Panama,275.69138771096004,43.9260468335,16.65730372709,5.63376872643,4.60895483971,68.49990725123,48.23135288166,463.24872197058005
Dec 2022,Kingston,The Ocean Cleanup,Jamaica,106.5,53,0,10.5,0,6,0,176
Dec 2022,Lat Phrao,TerraCycle Global Foundation,Thailand,155.41,102.9,0,5117.4023715,113.35,255.199756547,1781.0410646225,7525.3031926695
Dec 2022,Portoviejo,Ichthion,Ecuador,7.6899999999999995,18.57,0,13.08,0,6.8999999999999995,0,46.24
Dec 2022,Song Hong,Ocean Conservancy,Vietnam,51.06,21.1,12.469999999999999,205.23999999999998,79.6,44.58,5.5,419.54999999999995
Dec 2022,Tijuana,WILDCOAST,Mexico,1057.6,23.5,0,771.9,0,64,47,1964
Jan 2023,Athi,Chemolex,Kenya,13307,3824,68,21575,5328,11049,162,55313
Jan 2023,Citarum,Greeneration Foundation,Indonesia,255.4,908.8,0,846.9,1632.8,306,1485.6,5435.5
Jan 2023,Juan Díaz,Marea Verde,Panama,4204.18684359136,669.855194686,254.01742782244,85.91279022588,70.28477552636001,1044.59704470268,735.50944379256,7064.36352034728
Jan 2023,Kingston,The Ocean Cleanup,Jamaica,558,56,0,22.5,3,32,0,671.5
Jan 2023,Lat Phrao,TerraCycle Global Foundation,Thailand,271.65,203.44,0.88,6343.3952704937,158.14999999999998,307.23998363979996,2072.6447458665,9357.4
Jan 2023,Portoviejo,Ichthion,Ecuador,11.15,14.75,0,13.32,0,10.780000000000001,0,50
Jan 2023,Song Hong,Ocean Conservancy,Vietnam,25.2,12.100000000000001,16.5,165.6,76.3,33,17,345.7
Jan 2023,Tijuana,WILDCOAST,Mexico,572,295,0,0,0,68,2255.94,3190.94
Feb 2023,Athi,Chemolex,Kenya,8951,5518,101,14535,5123,7224,77,41529
Feb 2023,Citarum,Greeneration Foundation,Indonesia,277,1247.6,0,840.6,1813.1,275.2,1359.9,5813.4
Feb 2023,Kingston,The Ocean Cleanup,Jamaica,860.5,251,0,74,123,77,7,1392.5
Feb 2023,Lat Phrao,TerraCycle Global Foundation,Thailand,205.51,178.74,2.89,5946.122930142599,129.96,279.5954757404,1944.9315941169998,8687.75
Feb 2023,Portoviejo,Ichthion,Ecuador,25.5,26.58,0,64.73,0,16.48,0,133.29
Feb 2023,Song Hong,Ocean Conservancy,Vietnam,46.3,32.9,16.5,276.6,84,62.599999999999994,12.1,531
Feb 2023,Tijuana,WILDCOAST,Mexico,1139,431,0,0,0,0,160.73,1730.73
Mar 2023,Athi,Chemolex,Kenya,15396,6349,48,12505,7502,10056,22,51878
Mar 2023,Citarum,Greeneration Foundation,Indonesia,334.6,2224.3,0,1240.6,3374.2,381.8,2178.9,9734.4
Mar 2023,Juan Díaz,Marea Verde,Panama,1879.3904063277605,299.44421438850003,113.55297341679,38.40544669833,31.419282194010002,466.9644184071301,328.79352032946,3157.9702617619805
Mar 2023,Kingston,The Ocean Cleanup,Jamaica,577.5,114,0,120.5,39.4,52.5,4.5,908.4
Mar 2023,Lat Phrao,TerraCycle Global Foundation,Thailand,152.2,125.91,0.37,6745.384935603501,94.25,316.441386489,2240.7136779075,9675.27
Mar 2023,Portoviejo,Ichthion,Ecuador,84.58,53.64,0,2.56,0,15.209999999999999,0,155.98999999999998
Mar 2023,Song Hong,Ocean Conservancy,Vietnam,28.6,13.100000000000001,17,245.5,55.49999999999999,43.099999999999994,15.9,418.69999999999993
Mar 2023,Tijuana,WILDCOAST,Mexico,1306,552,0,0,0,0,1773.42,3631.42
Apr 2023,Athi,Chemolex,Kenya,11201,8055,40,17687,7592,7770,49,52394
Apr 2023,Citarum,Greeneration Foundation,Indonesia,205.6,1249,0,726.7,2117,230.8,1199.5,5728.6
Apr 2023,Juan Díaz,Marea Verde,Panama,2377.1146931852,378.7468742075,143.62552913705,48.576469975349994,39.74013972895,590.63192855135,415.8688400067,3994.3044747920994
Apr 2023,Kingston,The Ocean Cleanup,Jamaica,874.5,114,0,53.5,49,50.5,53,1194.5
Apr 2023,Lat Phrao,TerraCycle Global Foundation,Thailand,235.4,169.95999999999998,0,6557.0598758803,152,311.8175601562,2175.7925639634996,9602.029999999999
Apr 2023,Portoviejo,Ichthion,Ecuador,60.98,67.21,0,0.13,0,1.68,41.7,171.70000000000002
Apr 2023,Song Hong,Ocean Conservancy,Vietnam,36.199999999999996,22.3,17.3,273.09999999999997,48,54.3,36.2,487.4
Apr 2023,Tijuana,WILDCOAST,Mexico,1090,547.5,0,0,0,0,440.49,2077.99
May 2023,Athi,Chemolex,Kenya,12653,7360,43,20452,7958,8963,111,57540
May 2023,Citarum,Greeneration Foundation,Indonesia,334.9,1406.6,0,2148.4,1919.8,354.4,1925.9,8090
May 2023,Juan Díaz,Marea Verde,Panama,2989.5856413409606,476.33217702100006,180.63109065334,61.09234761018,49.979309563460006,742.8100705349801,523.01873204916,5023.449368773081
May 2023,Kingston,The Ocean Cleanup,Jamaica,1136,42,0,24,21,41.5,87,1351.5
May 2023,Lat Phrao,TerraCycle Global Foundation,Thailand,180.55,151.04000000000002,0,6382.4318436865,144.44,302.711561171,2117.2465951425,9278.420000000002
May 2023,Portoviejo,Ichthion,Ecuador,88.02,100.83,0,0,0,1.1,0,189.95
May 2023,Song Hong,Ocean Conservancy,Vietnam,50.1,27.8,22.6,343.3,30.2,44.900000000000006,11,529.9
May 2023,Tijuana,WILDCOAST,Mexico,900,515,0,0,0,0,0,1415
Jun 2023,Athi,Chemolex,Kenya,14230,8739,0,18838,1090,8086,79,51062
Jun 2023,Citarum,Greeneration Foundation,Indonesia,186,873.2,0,593.7,1594.7,250.1,1143.4,4641.1
Jun 2023,Juan Díaz,Marea Verde,Panama,1519.67626847808,242.130780708,91.81900595832,31.05466843464,25.40565140808,377.58772338504,265.86264801168,2553.53674638384
Jun 2023,Kingston,The Ocean Cleanup,Jamaica,615.5,25.5,0,0,0,0,12,653
Jun 2023,Lat Phrao,TerraCycle Global Foundation,Thailand,200.81,153.57,2.45,7021.0106298768005,129.61,322.42525206719995,2332.404118056,10162.279999999999
Jun 2023,Portoviejo,Ichthion,Ecuador,86.11,46.74,0,0.07,0,0.46,0,133.38
Jun 2023,Song Hong,Ocean Conservancy,Vietnam,40.714999999999996,0.7999999999999999,11.399999999999999,195.357,22.33,36.207,2.932,309.741
Jun 2023,Tijuana,WILDCOAST,Mexico,1853,1057,0,0,0,0,0,2910
Jul 2023,Athi,Chemolex,Kenya,15715,7912,0,20171,8346,8975,98,61217
Jul 2023,Citarum,Greeneration Foundation,Indonesia,297.2,1702.1,0,1293.4,3538.8,350.4,1220.3,8402.199999999999
Jul 2023,Juan Díaz,Marea Verde,Panama,3575.3933373308005,569.6692105175,216.02565556445,73.06336021515,59.77272834955,888.36330371915,625.5039708543001,6007.791566550901
Jul 2023,Kingston,The Ocean Cleanup,Jamaica,360.5,10.5,0,0,0,3.5,0,374.5
Jul 2023,Lat Phrao,TerraCycle Global Foundation,Thailand,175.059,129.34,0,4785.390834379799,94.66000000000001,226.63670142919997,1588.8224641909999,6999.909
Jul 2023,Portoviejo,Ichthion,Ecuador,87.66,28.24,0,0,0,0,0,115.89999999999999
Jul 2023,Song Hong,Ocean Conservancy,Vietnam,34.772,21.3,4.927,255.381,14.84,30.815,60.316,422.351
Jul 2023,Tijuana,WILDCOAST,Mexico,1006,515,0,0,0,64,362,1947
Aug 2023,Athi,Chemolex,Kenya,9091,9202,0,18572,8756,8669,54,54344
Aug 2023,Citarum,Greeneration Foundation,Indonesia,278,1143.1,0,1011.1,2783.6,343.7,2407.4,7966.9
Aug 2023,Juan Díaz,Marea Verde,Panama,4328.73011368064,689.698736264,261.54234579056003,88.45783882511999,72.36686562064,1075.54179970832,757.29790246944,7273.63560235872
Aug 2023,Kingston,The Ocean Cleanup,Jamaica,1311.5,49.5,0,0,0,0,0,1361
Aug 2023,Lat Phrao,TerraCycle Global Foundation,Thailand,292.93,160.97,0,6287.803999264401,127.56,299.7287200376,2086.997280698,9255.99
Aug 2023,Portoviejo,Ichthion,Ecuador,24.64,16.51,0,0.61,0,2.12,0,43.88
Aug 2023,Song Hong,Ocean Conservancy,Vietnam,70.79599999999999,89.453,6.8,216.617,45.433,111.869,47.260000000000005,588.2280000000001
Aug 2023,Tijuana,WILDCOAST,Mexico,1674,794,0,0,0,0,0,2468
Sep 2023,Athi,Chemolex,Kenya,8474,8830,17,17519,8830,8050,28,51748
Sep 2023,Citarum,Greeneration Foundation,Indonesia,316,1534.9,0,1314.7,3520.7,450.4,3371.5,10508.2
Sep 2023,Juan Díaz,Marea Verde,Panama,7192.788827946721,1146.030645147,434.58908581338,146.98503675126,120.24764050422,1787.16271002486,1258.35608810412,12086.160034291563
Sep 2023,Kingston,The Ocean Cleanup,Jamaica,1284.5,17,0,0,0,0,0,1301.5
Sep 2023,Lat Phrao,TerraCycle Global Foundation,Thailand,190.75,152.74,0,5814.854937301,125.9,278.464069654,1925.520993045,8488.23
Sep 2023,Portoviejo,Ichthion,Ecuador,15.38,16.62,0,0.61,0,1.35,0,33.96
Sep 2023,Song Hong,Ocean Conservancy,Vietnam,69.221,66.84299999999999,4.182,213.471,51.76500000000001,113.548,156.62,675.6499999999999
Sep 2023,Tijuana,WILDCOAST,Mexico,1020,668,0,0,0,18,1918.72,3624.7200000000003
Oct 2023,Athi,Chemolex,Kenya,7794,8196,7,16770,7785,7394,40,47986
Oct 2023,Citarum,Greeneration Foundation,Indonesia,360,2607.8999999999996,0,1388.6,3087.7000000000003,483,3139.2,11066.4
Oct 2023,Juan Díaz,Marea Verde,Panama,3258.41909550544,519.165545869,196.87403728726,66.58597408602,54.47361480794,809.6060151932201,570.05031073524,5475.17459348412
Oct 2023,Kingston,The Ocean Cleanup,Jamaica,1396,21.5,0,2,4,1,0,1424.5
Oct 2023,Lat Phrao,TerraCycle Global Foundation,Thailand,230.74,160.5,2.2399999999999998,4654.5159345435,119.75,222.06780524899997,1476.5662602075,6866.379999999999
Oct 2023,Portoviejo,Ichthion,Ecuador,18.63,12.88,0,3.87,0,2.55,0,37.93
Oct 2023,Song Hong,Ocean Conservancy,Vietnam,60.086,41.2,3.3,259.54100000000005,37.099999999999994,114.4,60.227000000000004,575.854
Oct 2023,Tijuana,WILDCOAST,Mexico,894,725,0,0,0,0,351.93,1970.93
Nov 2023,Athi,Chemolex,Kenya,9894,10664,0,22710,10459,10038,50,63815
Nov 2023,Citarum,Greeneration Foundation,Indonesia,308.4,1613.2,0,1049.2,2578.8,374,1965.5,7889.1
Nov 2023,Juan Díaz,Marea Verde,Panama,3893.93835640504,620.4231478915,235.27218037441,79.57284526407,65.09810183879,967.51087681927,681.23243357934,6543.04794217242
Nov 2023,Kingston,The Ocean Cleanup,Jamaica,424,1.8,0,9.4,6,5,0,446.2
Nov 2023,Lat Phrao,TerraCycle Global Foundation,Thailand,239.7,180.3,2.71,6521.743335481,120.95,316.42314337399995,2163.803521145,9545.630000000001
Nov 2023,Portoviejo,Ichthion,Ecuador,45.89,25.14,0,25.41,0,4.43,0,100.87
Nov 2023,Song Hong,Ocean Conservancy,Vietnam,49.2,48.67,3.64,227.033,36.519999999999996,64.93,3,432.99299999999994
Nov 2023,Tijuana,WILDCOAST,Mexico,878,477,0,0,0,45.8,966.01,2366.81
Dec 2023,Athi,Chemolex,Kenya,5722,9949,0,11770,9632,5227,0,42300
Dec 2023,Citarum,Greeneration Foundation,Indonesia,474,2547.93,0,1374.3,4053.3,440.75,1996.4599999999998,10886.74
Dec 2023,Juan Díaz,Marea Verde,Panama,618.45281219944,98.5383962065,37.36698639451,12.63811735677,10.33917347069,153.66443118397,108.19640059674,1039.19631740862
Dec 2023,Kingston,The Ocean Cleanup,Jamaica,228.5,9.5,0,0,0,4,0,242
Dec 2023,Lat Phrao,TerraCycle Global Foundation,Thailand,248.99,191.85,0,7545.177378504501,145.5,360.188998543,2503.5736229525,10995.279999999999
Dec 2023,Portoviejo,Ichthion,Ecuador,10.84,27.7,0,28.28,0,3.92,0,70.74
Dec 2023,Song Hong,Ocean Conservancy,Vietnam,56.89,64.51,0,502.9,61.2,199.275,31.33,916.105
Dec 2023,Tijuana,WILDCOAST,Mexico,791,307,0,0,0,0,335.98,1433.98
