date,river_id,organization,country,all_debris,plastic_debris,device_months
Jun 2020,Athi,Chemolex,Kenya,1660,1500,1
Jul 2020,Athi,Chemolex,Kenya,8300,6880,2
Aug 2020,Athi,Chemolex,Kenya,9950,8350,2
Aug 2020,Lat Phrao,TerraCycle Global Foundation,Thailand,12235.73,7488.39,1
Sep 2020,Athi,Chemolex,Kenya,4500,3600,1
Sep 2020,Lat Phrao,TerraCycle Global Foundation,Thailand,12470.14,7871.15,1
Oct 2020,Athi,Chemolex,Kenya,17400,14470,2
Oct 2020,Lat Phrao,TerraCycle Global Foundation,Thailand,11858.9,6155.88,1
Nov 2020,Athi,Chemolex,Kenya,13400,12050,2
Nov 2020,Lat Phrao,TerraCycle Global Foundation,Thailand,16584.370000000003,8073.2300000000005,3
Dec 2020,Athi,Chemolex,Kenya,17130,16000,3
Dec 2020,Lat Phrao,TerraCycle Global Foundation,Thailand,15453.05,3322.51,3
Jan 2021,Athi,Chemolex,Kenya,20100,18490,5
Jan 2021,Lat Phrao,TerraCycle Global Foundation,Thailand,14599.45,3178.4500000000003,3
Jan 2021,Portoviejo,Ichthion,Ecuador,7,5.65,1
Jan 2021,Tijuana,WILDCOAST,Mexico,1239.13,1100.96,1
Feb 2021,Athi,Chemolex,Kenya,23193,21223,6
Feb 2021,Lat Phrao,TerraCycle Global Foundation,Thailand,13100.3,2799.7,3
Feb 2021,Portoviejo,Ichthion,Ecuador,64.75,30.15,1
Feb 2021,Song Hong,Ocean Conservancy,Vietnam,323.8,173.5,1
Feb 2021,Tijuana,WILDCOAST,Mexico,1473.52,1453.52,1
Mar 2021,Athi,Chemolex,Kenya,34450,30055,4
Mar 2021,Lat Phrao,TerraCycle Global Foundation,Thailand,25306.829999999994,6902.25,4
Mar 2021,Portoviejo,Ichthion,Ecuador,72.45,22.1,1
Mar 2021,Song Hong,Ocean Conservancy,Vietnam,161.2,139.1,1
Mar 2021,Tijuana,WILDCOAST,Mexico,1366.33,1210.33,1
Apr 2021,Athi,Chemolex,Kenya,66462,62200,6
Apr 2021,Lat Phrao,TerraCycle Global Foundation,Thailand,19512.66,3562.7799999999997,4
Apr 2021,Portoviejo,Ichthion,Ecuador,418.78,64.05,1
Apr 2021,Song Hong,Ocean Conservancy,Vietnam,117.58,64.38,1
Apr 2021,Tijuana,WILDCOAST,Mexico,1939.5,1589,1
May 2021,Athi,Chemolex,Kenya,45023,43300,6
May 2021,Lat Phrao,TerraCycle Global Foundation,Thailand,20454,6049.96,4
May 2021,Portoviejo,Ichthion,Ecuador,256.95,39.05,1
May 2021,Song Hong,Ocean Conservancy,Vietnam,197.68,75.3,1
May 2021,Tijuana,WILDCOAST,Mexico,1081.44,1056.44,1
Jun 2021,Athi,Chemolex,Kenya,26598,24510,5
Jun 2021,Lat Phrao,TerraCycle Global Foundation,Thailand,21229.14,4360.630000000001,4
Jun 2021,Portoviejo,Ichthion,Ecuador,271.08,39.92,1
Jun 2021,Song Hong,Ocean Conservancy,Vietnam,123.3,90,1
Jun 2021,Tijuana,WILDCOAST,Mexico,1906.9,1889.9,1
Jul 2021,Athi,Chemolex,Kenya,21850,19946,5
Jul 2021,Lat Phrao,TerraCycle Global Foundation,Thailand,16631.88,7536.040000000001,4
Jul 2021,Portoviejo,Ichthion,Ecuador,456.74,26.88,1
Jul 2021,Song Hong,Ocean Conservancy,Vietnam,116.9,63.6,1
Jul 2021,Tijuana,WILDCOAST,Mexico,4170.5,3710.5,1
Aug 2021,Athi,Chemolex,Kenya,24932,23612,6
Aug 2021,Lat Phrao,TerraCycle Global Foundation,Thailand,20314.96,14866.439999999999,4
Aug 2021,Portoviejo,Ichthion,Ecuador,627.53,23.88,1
Aug 2021,Song Hong,Ocean Conservancy,Vietnam,75.2,44.8,1
Aug 2021,Tijuana,WILDCOAST,Mexico,3246.13,2595.13,1
Sep 2021,Athi,Chemolex,Kenya,30204,19457,6
Sep 2021,Lat Phrao,TerraCycle Global Foundation,Thailand,24513.539999999997,12517.410000000002,4
Sep 2021,Portoviejo,Ichthion,Ecuador,938.5,40.68,1
Sep 2021,Song Hong,Ocean Conservancy,Vietnam,59.6,43.4,1
Sep 2021,Tijuana,WILDCOAST,Mexico,2640.18,2566.18,1
Oct 2021,Athi,Chemolex,Kenya,49802,25257,7
Oct 2021,Lat Phrao,TerraCycle Global Foundation,Thailand,16653.399999999998,9432.94,4
Oct 2021,Portoviejo,Ichthion,Ecuador,920.21,34.75,1
Oct 2021,Song Hong,Ocean Conservancy,Vietnam,24.2,10.4,1
Oct 2021,Tijuana,WILDCOAST,Mexico,4380.25,4376.25,1
Nov 2021,Athi,Chemolex,Kenya,61834,34482,10
Nov 2021,Lat Phrao,TerraCycle Global Foundation,Thailand,19191.27,9977.100000000002,4
Nov 2021,Portoviejo,Ichthion,Ecuador,566.14,84.73,1
Nov 2021,Song Hong,Ocean Conservancy,Vietnam,14.3,8,1
Nov 2021,Tijuana,WILDCOAST,Mexico,2149.65,1924.65,1
Dec 2021,Athi,Chemolex,Kenya,31207,28946,9
Dec 2021,Citarum,Greeneration Foundation,Indonesia,9570,3961,1
Dec 2021,Lat Phrao,TerraCycle Global Foundation,Thailand,20491.88,9693.449999999999,4
Dec 2021,Portoviejo,Ichthion,Ecuador,988.71,136.55,1
Dec 2021,Song Hong,Ocean Conservancy,Vietnam,57.9,27.2,1
Dec 2021,Tijuana,WILDCOAST,Mexico,2701.4300000000003,2701.4300000000003,2
Jan 2022,Athi,Chemolex,Kenya,27893,25162,9
Jan 2022,Citarum,Greeneration Foundation,Indonesia,3961,11112,1
Jan 2022,Lat Phrao,TerraCycle Global Foundation,Thailand,21949.739999999998,8419.310000000001,4
Jan 2022,Portoviejo,Ichthion,Ecuador,745.09,114.92,1
Jan 2022,Song Hong,Ocean Conservancy,Vietnam,31.6,17,1
Jan 2022,Tijuana,WILDCOAST,Mexico,3267.1800000000003,2756.1800000000003,2
Feb 2022,Athi,Chemolex,Kenya,27362,23633,9
Feb 2022,Citarum,Greeneration Foundation,Indonesia,22733.4,19306.2,1
Feb 2022,Lat Phrao,TerraCycle Global Foundation,Thailand,22061.25,8474.01,4
Feb 2022,Portoviejo,Ichthion,Ecuador,640.09,89.96,1
Feb 2022,Song Hong,Ocean Conservancy,Vietnam,31.4,20.1,1
Feb 2022,Tijuana,WILDCOAST,Mexico,1945.9,1734.9,2
Mar 2022,Athi,Chemolex,Kenya,24096,22470,9
Mar 2022,Citarum,Greeneration Foundation,Indonesia,23843,21160.3,1
Mar 2022,Kingston,The Ocean Cleanup,Jamaica,1312.1,1312.1,1
Mar 2022,Lat Phrao,TerraCycle Global Foundation,Thailand,26892,12967.27,4
Mar 2022,Portoviejo,Ichthion,Ecuador,148.15,24.18,1
Mar 2022,Song Hong,Ocean Conservancy,Vietnam,44.8,23.6,1
Mar 2022,Tijuana,WILDCOAST,Mexico,3802.48,3788.48,2
Apr 2022,Athi,Chemolex,Kenya,21962,19658,9
Apr 2022,Citarum,Greeneration Foundation,Indonesia,18353.9,15431,1
Apr 2022,Kingston,The Ocean Cleanup,Jamaica,1171.48,586.53,2
Apr 2022,Lat Phrao,TerraCycle Global Foundation,Thailand,21571.93,9344.52,4
Apr 2022,Portoviejo,Ichthion,Ecuador,296.18,53.2,1
Apr 2022,Song Hong,Ocean Conservancy,Vietnam,46.9,18.1,1
Apr 2022,Tijuana,WILDCOAST,Mexico,3167.4,2970.1000000000004,2
May 2022,Athi,Chemolex,Kenya,18568,16058,9
May 2022,Citarum,Greeneration Foundation,Indonesia,14381,4870.2,1
May 2022,Kingston,The Ocean Cleanup,Jamaica,2276.93,869.43,3
May 2022,Lat Phrao,TerraCycle Global Foundation,Thailand,22486.85,10999.27,4
May 2022,Portoviejo,Ichthion,Ecuador,319.59,63.17,1
May 2022,Song Hong,Ocean Conservancy,Vietnam,1831.4,535.6,2
May 2022,Tijuana,WILDCOAST,Mexico,2732.1,2730.1,2
Jun 2022,Athi,Chemolex,Kenya,18608,13737,10
Jun 2022,Citarum,Greeneration Foundation,Indonesia,32745,28227,1
Jun 2022,Kingston,The Ocean Cleanup,Jamaica,9554.56,3585.36,2
Jun 2022,Lat Phrao,TerraCycle Global Foundation,Thailand,21021.89,11275.27,4
Jun 2022,Portoviejo,Ichthion,Ecuador,314.13,102.45,1
Jun 2022,Song Hong,Ocean Conservancy,Vietnam,124.7,58,1
Jun 2022,Tijuana,WILDCOAST,Mexico,2799.81,2773.81,2
Jul 2022,Athi,Chemolex,Kenya,43710,22572,10
Jul 2022,Citarum,Greeneration Foundation,Indonesia,33993.2,29149.2,1
Jul 2022,Kingston,The Ocean Cleanup,Jamaica,6958.110000000001,1797.4,2
Jul 2022,Lat Phrao,TerraCycle Global Foundation,Thailand,21002.5,10761.66,4
Jul 2022,Portoviejo,Ichthion,Ecuador,606.45,109.04,1
Jul 2022,Song Hong,Ocean Conservancy,Vietnam,258.9,197.39999999999998,2
Jul 2022,Tijuana,WILDCOAST,Mexico,2744.7200000000003,2617.7200000000003,2
Aug 2022,Athi,Chemolex,Kenya,65400,33761,10
Aug 2022,Citarum,Greeneration Foundation,Indonesia,27426.3,23615.1,1
Aug 2022,Kingston,The Ocean Cleanup,Jamaica,11016.560000000001,2304.2599999999998,3
Aug 2022,Lat Phrao,TerraCycle Global Foundation,Thailand,21156.91,10561.689999999999,4
Aug 2022,Portoviejo,Ichthion,Ecuador,1020.95,159.39,1
Aug 2022,Song Hong,Ocean Conservancy,Vietnam,323.79999999999995,231,2
Aug 2022,Tijuana,WILDCOAST,Mexico,2291.05,2280.45,2
Sep 2022,Athi,Chemolex,Kenya,60850,33391.277,10
Sep 2022,Citarum,Greeneration Foundation,Indonesia,24948.6,21056.1,1
Sep 2022,Juan Díaz,Marea Verde,Panama,149.66,77.30194918599999,1
Sep 2022,Kingston,The Ocean Cleanup,Jamaica,5564.8,860.9,3
Sep 2022,Lat Phrao,TerraCycle Global Foundation,Thailand,15383.02,12136,4
Sep 2022,Portoviejo,Ichthion,Ecuador,1020.24,139.17,1
Sep 2022,Song Hong,Ocean Conservancy,Vietnam,202.39999999999998,128.7,2
Sep 2022,Tijuana,WILDCOAST,Mexico,6214.110000000001,6129.110000000001,2
Oct 2022,Athi,Chemolex,Kenya,62350,32908.9,10
Oct 2022,Citarum,Greeneration Foundation,Indonesia,18408.4,16024.1,1
Oct 2022,Juan Díaz,Marea Verde,Panama,2944.34,1520.801958214,1
Oct 2022,Kingston,The Ocean Cleanup,Jamaica,55.5,39,1
Oct 2022,Lat Phrao,TerraCycle Global Foundation,Thailand,15073.869999999999,8116.15,4
Oct 2022,Portoviejo,Ichthion,Ecuador,958.96,132.33,1
Oct 2022,Song Hong,Ocean Conservancy,Vietnam,301.1,137.6,2
Oct 2022,Tijuana,WILDCOAST,Mexico,2735.4700000000003,2591.4700000000003,2
Nov 2022,Athi,Chemolex,Kenya,63580,33903,10
Nov 2022,Citarum,Greeneration Foundation,Indonesia,18820.9,14765.1,1
Nov 2022,Juan Díaz,Marea Verde,Panama,1758.32,908.202347272,1
Nov 2022,Kingston,The Ocean Cleanup,Jamaica,146.5,73.5,2
Nov 2022,Lat Phrao,TerraCycle Global Foundation,Thailand,18793.93,8146.950000000001,4
Nov 2022,Portoviejo,Ichthion,Ecuador,766.07,100.19,1
Nov 2022,Song Hong,Ocean Conservancy,Vietnam,490.5,291.29999999999995,3
Nov 2022,Tijuana,WILDCOAST,Mexico,1807.89,1698.8899999999999,2
Dec 2022,Athi,Chemolex,Kenya,41720,21940,10
Dec 2022,Citarum,Greeneration Foundation,Indonesia,26847.03,6652.83,1
Dec 2022,Juan Díaz,Marea Verde,Panama,896.87,463.248691477,1
Dec 2022,Kingston,The Ocean Cleanup,Jamaica,328.5,176,2
Dec 2022,Lat Phrao,TerraCycle Global Foundation,Thailand,14313.05,7525.26,4
Dec 2022,Portoviejo,Ichthion,Ecuador,1125,149.01,2
Dec 2022,Song Hong,Ocean Conservancy,Vietnam,652.9,419.54999999999995,4
Dec 2022,Tijuana,WILDCOAST,Mexico,2357,1964,2
Jan 2023,Athi,Chemolex,Kenya,99439,56670,10
Jan 2023,Citarum,Greeneration Foundation,Indonesia,25394.1,5435.5,1
Jan 2023,Juan Díaz,Marea Verde,Panama,13676.92,7064.363055331999,1
Jan 2023,Kingston,The Ocean Cleanup,Jamaica,783,671.5,4
Jan 2023,Lat Phrao,TerraCycle Global Foundation,Thailand,18881.46,9388.34,4
Jan 2023,Portoviejo,Ichthion,Ecuador,1442.27,188.9,2
Jan 2023,Song Hong,Ocean Conservancy,Vietnam,515.3,345.70000000000005,4
Jan 2023,Tijuana,WILDCOAST,Mexico,3235.94,3190.94,2
Feb 2023,Athi,Chemolex,Kenya,65916,42499,10
Feb 2023,Citarum,Greeneration Foundation,Indonesia,19028,5813.4,1
Feb 2023,Kingston,The Ocean Cleanup,Jamaica,2099.5,1392.5,4
Feb 2023,Lat Phrao,TerraCycle Global Foundation,Thailand,15599.3,8710.31,4
Feb 2023,Portoviejo,Ichthion,Ecuador,772.23,201.22,2
Feb 2023,Song Hong,Ocean Conservancy,Vietnam,845,532.2,4
Feb 2023,Tijuana,WILDCOAST,Mexico,1747.73,1730.73,2
Mar 2023,Athi,Chemolex,Kenya,80556,53381,10
Mar 2023,Citarum,Greeneration Foundation,Indonesia,22187.3,9734.4,1
Mar 2023,Juan Díaz,Marea Verde,Panama,6113.97,3157.9700538869997,1
Mar 2023,Kingston,The Ocean Cleanup,Jamaica,3766.6000000000004,908.4,4
Mar 2023,Lat Phrao,TerraCycle Global Foundation,Thailand,14402.16,9689.77,4
Mar 2023,Portoviejo,Ichthion,Ecuador,328.61,188.96,2
Mar 2023,Song Hong,Ocean Conservancy,Vietnam,638.2,418.7,4
Mar 2023,Tijuana,WILDCOAST,Mexico,3631.42,3631.42,2
Apr 2023,Athi,Chemolex,Kenya,80916,53806,10
Apr 2023,Citarum,Greeneration Foundation,Indonesia,13168.6,5728.6,1
Apr 2023,Juan Díaz,Marea Verde,Panama,7733.15,3994.304211865,1
Apr 2023,Kingston,The Ocean Cleanup,Jamaica,2843,1194.5,4
Apr 2023,Lat Phrao,TerraCycle Global Foundation,Thailand,15674.85,9624.69,4
Apr 2023,Portoviejo,Ichthion,Ecuador,207.85000000000002,171.70000000000002,2
Apr 2023,Song Hong,Ocean Conservancy,Vietnam,769.9,487.40000000000003,5
Apr 2023,Tijuana,WILDCOAST,Mexico,2077.99,2077.99,2
May 2023,Athi,Chemolex,Kenya,90465,58285,10
May 2023,Citarum,Greeneration Foundation,Indonesia,31015.6,15468,2
May 2023,Juan Díaz,Marea Verde,Panama,9725.62,5023.449038102,1
May 2023,Kingston,The Ocean Cleanup,Jamaica,3689.5,1351.5,3
May 2023,Lat Phrao,TerraCycle Global Foundation,Thailand,12125.32,9303.66,4
May 2023,Portoviejo,Ichthion,Ecuador,233.26,218.72,2
May 2023,Song Hong,Ocean Conservancy,Vietnam,953.2,529.9,5
May 2023,Tijuana,WILDCOAST,Mexico,1425,1415,1
Jun 2023,Athi,Chemolex,Kenya,94076,60084,10
Jun 2023,Citarum,Greeneration Foundation,Indonesia,34517.8,27980.1,2
Jun 2023,Juan Díaz,Marea Verde,Panama,4943.76,2553.536578296,1
Jun 2023,Kingston,The Ocean Cleanup,Jamaica,2263,653,3
Jun 2023,Lat Phrao,TerraCycle Global Foundation,Thailand,17017.41,10181.1,4
Jun 2023,Portoviejo,Ichthion,Ecuador,167.71,160.82,1
Jun 2023,Song Hong,Ocean Conservancy,Vietnam,576.573,315.841,6
Jun 2023,Tijuana,WILDCOAST,Mexico,3153.9,3108.9,2
Jul 2023,Athi,Chemolex,Kenya,95792,62089,10
Jul 2023,Citarum,Greeneration Foundation,Indonesia,46123,33710.1,2
Jul 2023,Juan Díaz,Marea Verde,Panama,11631.35,6007.791171084999,1
Jul 2023,Kingston,The Ocean Cleanup,Jamaica,2181,374.5,4
Jul 2023,Lat Phrao,TerraCycle Global Foundation,Thailand,13579.679999999998,7010.66,4
Jul 2023,Portoviejo,Ichthion,Ecuador,131.68,126.68,1
Jul 2023,Song Hong,Ocean Conservancy,Vietnam,861.51,422.35,6
Jul 2023,Tijuana,WILDCOAST,Mexico,2595.62,2111.62,2
Aug 2023,Athi,Chemolex,Kenya,82561,55164,10
Aug 2023,Citarum,Greeneration Foundation,Indonesia,72807.2,62625.9,2
Aug 2023,Juan Díaz,Marea Verde,Panama,14082.08,7273.635123568,1
Aug 2023,Kingston,The Ocean Cleanup,Jamaica,3392,1361,4
Aug 2023,Lat Phrao,TerraCycle Global Foundation,Thailand,17697.870000000003,9275.69,4
Aug 2023,Portoviejo,Ichthion,Ecuador,67.81,49.45,1
Aug 2023,Song Hong,Ocean Conservancy,Vietnam,1561.1,588.23,6
Aug 2023,Tijuana,WILDCOAST,Mexico,2468,2468,2
Sep 2023,Athi,Chemolex,Kenya,74396,52422,10
Sep 2023,Citarum,Greeneration Foundation,Indonesia,76505.5,66915.2,2
Sep 2023,Juan Díaz,Marea Verde,Panama,23399.34,12086.159238714,1
Sep 2023,Kingston,The Ocean Cleanup,Jamaica,4825.5,1301.5,3
Sep 2023,Lat Phrao,TerraCycle Global Foundation,Thailand,16727.649999999998,8504,4
Sep 2023,Portoviejo,Ichthion,Ecuador,50.23,35.23,1
Sep 2023,Song Hong,Ocean Conservancy,Vietnam,1529.78,675.65,6
Sep 2023,Tijuana,WILDCOAST,Mexico,3624.72,3624.72,2
Oct 2023,Athi,Chemolex,Kenya,70485,48569,10
Oct 2023,Citarum,Greeneration Foundation,Indonesia,75587.7,64679.4,3
Oct 2023,Juan Díaz,Marea Verde,Panama,10600.18,5475.174233078,1
Oct 2023,Kingston,The Ocean Cleanup,Jamaica,5826,1424.5,4
Oct 2023,Lat Phrao,TerraCycle Global Foundation,Thailand,14175.899999999998,6892.450000000001,4
Oct 2023,Portoviejo,Ichthion,Ecuador,121.76,45.239999999999995,2
Oct 2023,Song Hong,Ocean Conservancy,Vietnam,1077.1,575.85,6
Oct 2023,Tijuana,WILDCOAST,Mexico,2090.93,1970.93,2
Nov 2023,Athi,Chemolex,Kenya,92421,64764,10
Nov 2023,Citarum,Greeneration Foundation,Indonesia,70959.8,64140.1,2
Nov 2023,Juan Díaz,Marea Verde,Panama,12667.63,6543.047511472999,1
Nov 2023,Kingston,The Ocean Cleanup,Jamaica,1102.7,446.2,4
Nov 2023,Lat Phrao,TerraCycle Global Foundation,Thailand,17305.2,9567.44,4
Nov 2023,Portoviejo,Ichthion,Ecuador,221.3,103.69,2
Nov 2023,Song Hong,Ocean Conservancy,Vietnam,754.42,434.09000000000003,6
Nov 2023,Tijuana,WILDCOAST,Mexico,2990.81,2366.81,2
Dec 2023,Athi,Chemolex,Kenya,61010,43189,10
Dec 2023,Citarum,Greeneration Foundation,Indonesia,81339.63,75128.94,3
Dec 2023,Juan Díaz,Marea Verde,Panama,2011.93,1039.196249003,1
Dec 2023,Kingston,The Ocean Cleanup,Jamaica,1818.5,242,4
Dec 2023,Lat Phrao,TerraCycle Global Foundation,Thailand,22406.25,11025.240000000002,4
Dec 2023,Portoviejo,Ichthion,Ecuador,125.07,74.56,2
Dec 2023,Song Hong,Ocean Conservancy,Vietnam,1318.63,916.1100000000001,6
Dec 2023,Tijuana,WILDCOAST,Mexico,1503.98,1433.98,2
