date,river_id,organization,country,plastic_fate_recycled,plastic_fate_downcycled,plastic_fate_reused,plastic_fate_energy,plastic_fate_landfill_incineration,plastic_debris_fate_total
Jun 2020,Athi,Chemolex,Kenya,0,1300,0,0,200,1500
Jul 2020,Athi,Chemolex,Kenya,0,5880,0,0,1000,6880
Aug 2020,Athi,Chemolex,Kenya,0,6300,0,0,2050,8350
Aug 2020,Lat Phrao,TerraCycle Global Foundation,Thailand,1380.67,0,0,6107.72,0,7488.39
Sep 2020,Athi,Chemolex,Kenya,0,2550,0,0,1050,3600
Sep 2020,Lat Phrao,TerraCycle Global Foundation,Thailand,745.98,0,0,7125.17,0,7871.15
Oct 2020,Athi,Chemolex,Kenya,0,11800,0,0,2670,14470
Oct 2020,Lat Phrao,TerraCycle Global Foundation,Thailand,1067.71,0,0,5088.17,0,6155.88
Nov 2020,Athi,Chemolex,Kenya,0,10700,0,0,1350,12050
Nov 2020,Lat Phrao,TerraCycle Global Foundation,Thailand,1069.1599999999999,0,0,7004.07,0,8073.2300000000005
Dec 2020,Athi,Chemolex,Kenya,0,14550,0,0,1450,16000
Dec 2020,Lat Phrao,TerraCycle Global Foundation,Thailand,1303.74,0,0,2018.77,0,3322.51
Jan 2021,Athi,Chemolex,Kenya,0,16910,0,0,1580,18490
Jan 2021,Lat Phrao,TerraCycle Global Foundation,Thailand,1206.71,0,0,1971.74,0,3178.4500000000003
Jan 2021,Portoviejo,Ichthion,Ecuador,3.1,0,0,0,2.55,5.65
Jan 2021,Tijuana,WILDCOAST,Mexico,0,0,807.41,0,293.55,1100.96
Feb 2021,Athi,Chemolex,Kenya,0,18843,0,0,2380,21223
Feb 2021,Lat Phrao,TerraCycle Global Foundation,Thailand,944.07,0,0,1855.63,0,2799.7
Feb 2021,Portoviejo,Ichthion,Ecuador,2.95,0,0,0,27.2,30.15
Feb 2021,Song Hong,Ocean Conservancy,Vietnam,150.8,0,0,0,22.7,173.5
Feb 2021,Tijuana,WILDCOAST,Mexico,0,0,852.22,0,601.3,1453.52
Mar 2021,Athi,Chemolex,Kenya,0,27350,0,0,2697,30047
Mar 2021,Lat Phrao,TerraCycle Global Foundation,Thailand,1028.81,0,0,5873.45,0,6902.259999999999
Mar 2021,Portoviejo,Ichthion,Ecuador,3.15,0,0,0,18.95,22.099999999999998
Mar 2021,Song Hong,Ocean Conservancy,Vietnam,15.9,0,0,0,123.2,139.1
Mar 2021,Tijuana,WILDCOAST,Mexico,254.3,0,705.33,0,250.7,1210.3300000000002
Apr 2021,Athi,Chemolex,Kenya,0,58340,0,0,3860,62200
Apr 2021,Lat Phrao,TerraCycle Global Foundation,Thailand,806.7,0,0,2756.08,0,3562.7799999999997
Apr 2021,Portoviejo,Ichthion,Ecuador,50.7,0,0,0,13.35,64.05
Apr 2021,Song Hong,Ocean Conservancy,Vietnam,12.82,0,0,0,51.56,64.38
Apr 2021,Tijuana,WILDCOAST,Mexico,444.7,0,192.3,0,952,1589
May 2021,Athi,Chemolex,Kenya,0,39640,0,0,3660,43300
May 2021,Lat Phrao,TerraCycle Global Foundation,Thailand,912.24,0,0,5137.7300000000005,0,6049.97
May 2021,Portoviejo,Ichthion,Ecuador,23.9,0,0,0,15.15,39.05
May 2021,Song Hong,Ocean Conservancy,Vietnam,7.9,0,0,0,67.4,75.30000000000001
May 2021,Tijuana,WILDCOAST,Mexico,416,0,625.44,0,15,1056.44
Jun 2021,Athi,Chemolex,Kenya,0,21660,0,0,2850,24510
Jun 2021,Lat Phrao,TerraCycle Global Foundation,Thailand,1352.55,0,0,3008.0800000000004,0,4360.63
Jun 2021,Portoviejo,Ichthion,Ecuador,34,0,0,0,5.92,39.92
Jun 2021,Song Hong,Ocean Conservancy,Vietnam,17.6,0,0,0,72.4,90
Jun 2021,Tijuana,WILDCOAST,Mexico,638,0,1115.9,0,136,1889.9
Jul 2021,Athi,Chemolex,Kenya,0,17210,0,0,2736,19946
Jul 2021,Lat Phrao,TerraCycle Global Foundation,Thailand,571.66,0,0,6964.37,0,7536.030000000001
Jul 2021,Portoviejo,Ichthion,Ecuador,2.68,0,0,0,24.2,26.88
Jul 2021,Song Hong,Ocean Conservancy,Vietnam,12.6,0,0,0,51,63.6
Jul 2021,Tijuana,WILDCOAST,Mexico,624,0,3086.5,0,0,3710.5
Aug 2021,Athi,Chemolex,Kenya,0,20575,0,0,3037,23612
Aug 2021,Lat Phrao,TerraCycle Global Foundation,Thailand,841.29,0,0,14025.140000000001,0,14866.429999999998
Aug 2021,Portoviejo,Ichthion,Ecuador,13.55,0,0,0,10.33,23.880000000000003
Aug 2021,Song Hong,Ocean Conservancy,Vietnam,6.4,0,0,0,38.4,44.8
Aug 2021,Tijuana,WILDCOAST,Mexico,765.5,0,1753.63,0,76,2595.13
Sep 2021,Athi,Chemolex,Kenya,0,16716,0,0,2741,19457
Sep 2021,Lat Phrao,TerraCycle Global Foundation,Thailand,1382.92,0,0,11134.490000000002,0,12517.410000000002
Sep 2021,Portoviejo,Ichthion,Ecuador,37.54,0,0,0,3.15,40.69
Sep 2021,Song Hong,Ocean Conservancy,Vietnam,9.3,0,0,0,34.1,43.400000000000006
Sep 2021,Tijuana,WILDCOAST,Mexico,1094,0,1080.03,0,392.15,2566.18
Oct 2021,Athi,Chemolex,Kenya,0,21633,0,0,3624,25257
Oct 2021,Lat Phrao,TerraCycle Global Foundation,Thailand,1219.52,0,0,8213.42,0,9432.94
Oct 2021,Portoviejo,Ichthion,Ecuador,34.75,0,0,0,0,34.75
Oct 2021,Song Hong,Ocean Conservancy,Vietnam,3.2,0,0,0,7.2,10.4
Oct 2021,Tijuana,WILDCOAST,Mexico,1667,0,2709,0,0,4376
Nov 2021,Athi,Chemolex,Kenya,0,27301,0,0,7181,34482
Nov 2021,Lat Phrao,TerraCycle Global Foundation,Thailand,1676.98,0,0,8300.11,0,9977.09
Nov 2021,Portoviejo,Ichthion,Ecuador,35.09,0,0,0,49.64,84.73
Nov 2021,Song Hong,Ocean Conservancy,Vietnam,1,0,0,0,7,8
Nov 2021,Tijuana,WILDCOAST,Mexico,1289,0,371.65,0,264,1924.65
Dec 2021,Athi,Chemolex,Kenya,0,24266,0,0,4680,28946
Dec 2021,Citarum,Greeneration Foundation,Indonesia,3040.7,0,0,0,920.3,3961
Dec 2021,Lat Phrao,TerraCycle Global Foundation,Thailand,1676.51,0,0,8016.94,0,9693.449999999999
Dec 2021,Portoviejo,Ichthion,Ecuador,47.4,0,0,0,89.15,136.55
Dec 2021,Song Hong,Ocean Conservancy,Vietnam,2.6,0,0,0,24.6,27.200000000000003
Dec 2021,Tijuana,WILDCOAST,Mexico,1231,0,1445.43,0,25,2701.4300000000003
Jan 2022,Athi,Chemolex,Kenya,0,19824,0,0,5338,25162
Jan 2022,Citarum,Greeneration Foundation,Indonesia,10419.8,0,0,0,692.2,11112
Jan 2022,Lat Phrao,TerraCycle Global Foundation,Thailand,1572.73,0,0,6846.58,0,8419.310000000001
Jan 2022,Portoviejo,Ichthion,Ecuador,50.34,0,0,0,64.58,114.92
Jan 2022,Song Hong,Ocean Conservancy,Vietnam,3.6,0,0,0,13.4,17
Jan 2022,Tijuana,WILDCOAST,Mexico,1230,0,0,0,1526.18,2756.1800000000003
Feb 2022,Athi,Chemolex,Kenya,0,19127,0,0,4506,23633
Feb 2022,Citarum,Greeneration Foundation,Indonesia,18489.2,0,0,0,817,19306.2
Feb 2022,Lat Phrao,TerraCycle Global Foundation,Thailand,967.34,0,0,7506.67,0,8474.01
Feb 2022,Portoviejo,Ichthion,Ecuador,33.17,0,0,0,56.79,89.96000000000001
Feb 2022,Song Hong,Ocean Conservancy,Vietnam,2.5,0,0,0,17.6,20.1
Feb 2022,Tijuana,WILDCOAST,Mexico,1563.5,0,99.4,0,72,1734.9
Mar 2022,Athi,Chemolex,Kenya,0,18315,0,0,4155,22470
Mar 2022,Citarum,Greeneration Foundation,Indonesia,20231.3,0,0,0,929,21160.3
Mar 2022,Kingston,The Ocean Cleanup,Jamaica,1312.1,0,0,0,0,1312.1
Mar 2022,Lat Phrao,TerraCycle Global Foundation,Thailand,1281.92,0,0,11685.35,0,12967.27
Mar 2022,Portoviejo,Ichthion,Ecuador,11.41,0,0,0,12.77,24.18
Mar 2022,Song Hong,Ocean Conservancy,Vietnam,4.7,0,0,0,18.9,23.599999999999998
Mar 2022,Tijuana,WILDCOAST,Mexico,2069,0,1526.48,0,193,3788.48
Apr 2022,Athi,Chemolex,Kenya,0,15165,0,0,4493,19658
Apr 2022,Citarum,Greeneration Foundation,Indonesia,14548.7,0,0,0,882.3,15431
Apr 2022,Kingston,The Ocean Cleanup,Jamaica,586.53,0,0,0,0,586.53
Apr 2022,Lat Phrao,TerraCycle Global Foundation,Thailand,740.7,0,0,8603.83,0,9344.53
Apr 2022,Portoviejo,Ichthion,Ecuador,28.1,0,0,0,25.1,53.2
Apr 2022,Song Hong,Ocean Conservancy,Vietnam,7,0,0,0,11.1,18.1
Apr 2022,Tijuana,WILDCOAST,Mexico,1695,0,1025.44,0,249.66,2970.1000000000004
May 2022,Athi,Chemolex,Kenya,0,13203,0,0,2855,16058
May 2022,Citarum,Greeneration Foundation,Indonesia,4247.2,0,0,0,623,4870.2
May 2022,Kingston,The Ocean Cleanup,Jamaica,869.43,0,0,0,0,869.43
May 2022,Lat Phrao,TerraCycle Global Foundation,Thailand,1345.5,0,0,9653.779999999999,0,10999.279999999999
May 2022,Portoviejo,Ichthion,Ecuador,39.47,0,0,0,23.7,63.17
May 2022,Song Hong,Ocean Conservancy,Vietnam,101.6,0,0,0,434,535.6
May 2022,Tijuana,WILDCOAST,Mexico,2454.5,0,215.6,0,60,2730.1
Jun 2022,Athi,Chemolex,Kenya,0,10771,0,0,2966,13737
Jun 2022,Citarum,Greeneration Foundation,Indonesia,27077,0,0,0,1150,28227
Jun 2022,Kingston,The Ocean Cleanup,Jamaica,2269.79,0,0,0,1315.6,3585.39
Jun 2022,Lat Phrao,TerraCycle Global Foundation,Thailand,1155.7,0,0,10119.57,0,11275.27
Jun 2022,Portoviejo,Ichthion,Ecuador,81.97,0,0,0,20.48,102.45
Jun 2022,Song Hong,Ocean Conservancy,Vietnam,28.2,0,0,0,29.8,58
Jun 2022,Tijuana,WILDCOAST,Mexico,1958,0,785.81,0,30,2773.81
Jul 2022,Athi,Chemolex,Kenya,0,21763,0,0,809,22572
Jul 2022,Citarum,Greeneration Foundation,Indonesia,27795.4,0,0,0,1353.8,29149.2
Jul 2022,Kingston,The Ocean Cleanup,Jamaica,905.5,0,0,0,891.9,1797.4
Jul 2022,Lat Phrao,TerraCycle Global Foundation,Thailand,1091.79,0,0,9669.920000000002,0,10761.710000000001
Jul 2022,Portoviejo,Ichthion,Ecuador,58.73,0,0,0,50.31,109.03999999999999
Jul 2022,Song Hong,Ocean Conservancy,Vietnam,59.8,0,0,0,137.6,197.39999999999998
Jul 2022,Tijuana,WILDCOAST,Mexico,2114.5,0,433.22,0,70,2617.7200000000003
Aug 2022,Athi,Chemolex,Kenya,0,32620,0,0,1141,33761
Aug 2022,Citarum,Greeneration Foundation,Indonesia,16341.2,6824,0,0,449.9,23615.100000000002
Aug 2022,Kingston,The Ocean Cleanup,Jamaica,774,0,0,0,1530.26,2304.26
Aug 2022,Lat Phrao,TerraCycle Global Foundation,Thailand,1135.48,0,0,9426.210000000001,0,10561.689999999999
Aug 2022,Portoviejo,Ichthion,Ecuador,73.88,0,0,0,85.51,159.39
Aug 2022,Song Hong,Ocean Conservancy,Vietnam,103.2,0,0,0,127.80000000000001,231
Aug 2022,Tijuana,WILDCOAST,Mexico,1526.8,0,705.85,0,47.8,2280.45
Sep 2022,Athi,Chemolex,Kenya,0,32914.077000000005,0,0,477.20000000000005,33391.277
Sep 2022,Citarum,Greeneration Foundation,Indonesia,17406.6,3297.4,0,0,352.1,21056.1
Sep 2022,Juan Díaz,Marea Verde,Panama,86.17,0,0,0,-8.868050814000014,77.30194918599999
Sep 2022,Kingston,The Ocean Cleanup,Jamaica,146,0,0,0,714.9,860.9
Sep 2022,Lat Phrao,TerraCycle Global Foundation,Thailand,1152.85,0,0,10983.15,0,12136
Sep 2022,Portoviejo,Ichthion,Ecuador,47.99,0,0,0,91.18,139.17000000000002
Sep 2022,Song Hong,Ocean Conservancy,Vietnam,40.1,0,0,0,88.6,128.7
Sep 2022,Tijuana,WILDCOAST,Mexico,2453,0,3573.11,0,103,6129.110000000001
Oct 2022,Athi,Chemolex,Kenya,0,32175.000000000004,0,0,733.9,32908.9
Oct 2022,Citarum,Greeneration Foundation,Indonesia,8259.8,7691.7,0,0,72.6,16024.1
Oct 2022,Juan Díaz,Marea Verde,Panama,572.45,0,0,0,948.351958214,1520.801958214
Oct 2022,Kingston,The Ocean Cleanup,Jamaica,0,0,0,0,39,39
Oct 2022,Lat Phrao,TerraCycle Global Foundation,Thailand,293.85,0,0,7822.290000000001,0,8116.139999999999
Oct 2022,Portoviejo,Ichthion,Ecuador,45.86,0,0,0,86.47,132.32999999999998
Oct 2022,Song Hong,Ocean Conservancy,Vietnam,50.099999999999994,0,0,0,87.5,137.6
Oct 2022,Tijuana,WILDCOAST,Mexico,1809,0,749.47,0,33,2591.4700000000003
Nov 2022,Athi,Chemolex,Kenya,0,32482,0,0,1421,33903
Nov 2022,Citarum,Greeneration Foundation,Indonesia,9131.4,5508,0,0,125.7,14765.1
Nov 2022,Juan Díaz,Marea Verde,Panama,579.18,0,0,0,329.02234727199993,908.2023472719999
Nov 2022,Kingston,The Ocean Cleanup,Jamaica,40.5,0,0,0,33,73.5
Nov 2022,Lat Phrao,TerraCycle Global Foundation,Thailand,219.2,0,0,7927.749999999999,0,8146.95
Nov 2022,Portoviejo,Ichthion,Ecuador,29.74,0,0,0,70.45,100.19
Nov 2022,Song Hong,Ocean Conservancy,Vietnam,67.8,0,0,0,223.5,291.29999999999995
Nov 2022,Tijuana,WILDCOAST,Mexico,1064.5,0,570.39,0,64,1698.8899999999999
Dec 2022,Athi,Chemolex,Kenya,0,21201,0,0,739,21940
Dec 2022,Citarum,Greeneration Foundation,Indonesia,1566.9,2952.43,0,0,2133.5,6652.83
Dec 2022,Juan Díaz,Marea Verde,Panama,466.03,0,0,0,-2.781308523000007,463.24869147699997
Dec 2022,Kingston,The Ocean Cleanup,Jamaica,133.5,0,0,0,42.5,176
Dec 2022,Lat Phrao,TerraCycle Global Foundation,Thailand,155.41,0,0,7369.85,0,7525.26
Dec 2022,Portoviejo,Ichthion,Ecuador,47,0,0,0,102.00999999999999,149.01
Dec 2022,Song Hong,Ocean Conservancy,Vietnam,111.75999999999999,0,0,0,307.78999999999996,419.54999999999995
Dec 2022,Tijuana,WILDCOAST,Mexico,1853,0,0,0,111,1964
Jan 2023,Athi,Chemolex,Kenya,0,55118,0,0,1543,56661
Jan 2023,Citarum,Greeneration Foundation,Indonesia,1330.3,2313.6,0,0,1791.6,5435.5
Jan 2023,Juan Díaz,Marea Verde,Panama,1684.17,0,0,0,5380.193055331999,7064.363055331999
Jan 2023,Kingston,The Ocean Cleanup,Jamaica,420,0,0,0,251.5,671.5
Jan 2023,Lat Phrao,TerraCycle Global Foundation,Thailand,811.8199999999999,0,0,8576.49,0,9388.310000000001
Jan 2023,Portoviejo,Ichthion,Ecuador,57.45,0,0,0,131.45,188.9
Jan 2023,Song Hong,Ocean Conservancy,Vietnam,78.9,0,0,0,266.8,345.70000000000005
Jan 2023,Tijuana,WILDCOAST,Mexico,867,0,2205.94,0,118,3190.94
Feb 2023,Athi,Chemolex,Kenya,0,41323,0,0,1176,42499
Feb 2023,Citarum,Greeneration Foundation,Indonesia,1326.6,2851.7,0,0,1635.1,5813.4
Feb 2023,Kingston,The Ocean Cleanup,Jamaica,675,0,0,0,717.5,1392.5
Feb 2023,Lat Phrao,TerraCycle Global Foundation,Thailand,662.39,0,0,8048.0199999999995,0,8710.41
Feb 2023,Portoviejo,Ichthion,Ecuador,142.19,0,0,0,59.03,201.22000000000003
Feb 2023,Song Hong,Ocean Conservancy,Vietnam,128.39999999999998,0,0,0,403.79999999999995,532.2
Feb 2023,Tijuana,WILDCOAST,Mexico,1570,0,160.73,0,0,1730.73
Mar 2023,Athi,Chemolex,Kenya,0,51778,0,0,1603,53381
Mar 2023,Citarum,Greeneration Foundation,Indonesia,2006.9,5166.8,0,0,2560.7,9734.400000000001
Mar 2023,Juan Díaz,Marea Verde,Panama,297.19,0,0,0,2860.7800538869997,3157.9700538869997
Mar 2023,Kingston,The Ocean Cleanup,Jamaica,348.9,0,0,0,559.5,908.4
Mar 2023,Lat Phrao,TerraCycle Global Foundation,Thailand,417.81999999999994,0,0,9271.95,0,9689.77
Mar 2023,Portoviejo,Ichthion,Ecuador,177.36,0,0,0,11.6,188.96
Mar 2023,Song Hong,Ocean Conservancy,Vietnam,64.80000000000001,0,0,0,353.9,418.7
Mar 2023,Tijuana,WILDCOAST,Mexico,1858,0,1743.42,0,30,3631.42
Apr 2023,Athi,Chemolex,Kenya,0,52305,0,0,1501,53806
Apr 2023,Citarum,Greeneration Foundation,Indonesia,1642.9,2655.4,0,0,1430.3,5728.6
Apr 2023,Juan Díaz,Marea Verde,Panama,60.59,0,0,0,3933.714211864999,3994.304211864999
Apr 2023,Kingston,The Ocean Cleanup,Jamaica,633,0,0,0,561.5,1194.5
Apr 2023,Lat Phrao,TerraCycle Global Foundation,Thailand,621.4,0,0,9003.31,0,9624.71
Apr 2023,Portoviejo,Ichthion,Ecuador,170.23,0,0,0,1.47,171.7
Apr 2023,Song Hong,Ocean Conservancy,Vietnam,79.1,0,0,0,408.29999999999995,487.4
Apr 2023,Tijuana,WILDCOAST,Mexico,1637.5,0,350.49,0,90,2077.99
May 2023,Athi,Chemolex,Kenya,0,57391,0,0,894,58285
May 2023,Citarum,Greeneration Foundation,Indonesia,5888.8,7298.9,0,0,2280.3,15468
May 2023,Juan Díaz,Marea Verde,Panama,3809.07,0,0,0,1214.3790381019994,5023.449038102
May 2023,Kingston,The Ocean Cleanup,Jamaica,942.5,0,0,0,409,1351.5
May 2023,Lat Phrao,TerraCycle Global Foundation,Thailand,542.6,0,0,8761.05,0,9303.650000000001
May 2023,Portoviejo,Ichthion,Ecuador,218.27999999999997,0,0,0,0.43999999999999995,218.71999999999997
May 2023,Song Hong,Ocean Conservancy,Vietnam,89.89999999999999,0,0,0,440,529.9
May 2023,Tijuana,WILDCOAST,Mexico,1415,0,0,0,0,1415
Jun 2023,Athi,Chemolex,Kenya,0,58994,0,0,1090,60084
Jun 2023,Citarum,Greeneration Foundation,Indonesia,5374.6,21212,0,0,1393.5,27980.1
Jun 2023,Juan Díaz,Marea Verde,Panama,1062.59,0,0,0,1490.946578296,2553.536578296
Jun 2023,Kingston,The Ocean Cleanup,Jamaica,593.5,0,0,0,59.5,653
Jun 2023,Lat Phrao,TerraCycle Global Foundation,Thailand,529.75,0,0,9651.36,0,10181.11
Jun 2023,Portoviejo,Ichthion,Ecuador,160.82,0,0,0,0,160.82
Jun 2023,Song Hong,Ocean Conservancy,Vietnam,62.54499999999999,0,0,0,253.29600000000005,315.841
Jun 2023,Tijuana,WILDCOAST,Mexico,2910,0,198.9,0,0,3108.9
Jul 2023,Athi,Chemolex,Kenya,0,61116,0,0,973,62089
Jul 2023,Citarum,Greeneration Foundation,Indonesia,6751.1,24480.4,0,0,2478.6,33710.1
Jul 2023,Juan Díaz,Marea Verde,Panama,1821.35,0,0,0,4186.441171085,6007.791171085
Jul 2023,Kingston,The Ocean Cleanup,Jamaica,283,0,0,0,91.5,374.5
Jul 2023,Lat Phrao,TerraCycle Global Foundation,Thailand,436.21000000000004,0,0,6574.459999999999,0,7010.669999999999
Jul 2023,Portoviejo,Ichthion,Ecuador,126.68,0,0,0,0,126.68
Jul 2023,Song Hong,Ocean Conservancy,Vietnam,119.47,0,0,0,302.88,422.35
Jul 2023,Tijuana,WILDCOAST,Mexico,1521,0,164.62,0,426,2111.62
Aug 2023,Athi,Chemolex,Kenya,0,45534,8756,0,874,55164
Aug 2023,Citarum,Greeneration Foundation,Indonesia,5361,54513.8,0,0,2751.1,62625.9
Aug 2023,Juan Díaz,Marea Verde,Panama,2622.08,0,0,0,4651.5551235679995,7273.6351235679995
Aug 2023,Kingston,The Ocean Cleanup,Jamaica,1326,0,0,0,35,1361
Aug 2023,Lat Phrao,TerraCycle Global Foundation,Thailand,639.79,0,0,8635.880000000001,0,9275.67
Aug 2023,Portoviejo,Ichthion,Ecuador,48.3,0,0,0,1.15,49.449999999999996
Aug 2023,Song Hong,Ocean Conservancy,Vietnam,231.55,0,0,0,356.68,588.23
Aug 2023,Tijuana,WILDCOAST,Mexico,2468,0,0,0,0,2468
Sep 2023,Athi,Chemolex,Kenya,0,42873,8830,0,719,52422
Sep 2023,Citarum,Greeneration Foundation,Indonesia,7786.6,55306.7,0,0,3821.9,66915.2
Sep 2023,Juan Díaz,Marea Verde,Panama,2219.34,0,0,0,9866.819238714,12086.159238714
Sep 2023,Kingston,The Ocean Cleanup,Jamaica,243,0,0,0,1058.5,1301.5
Sep 2023,Lat Phrao,TerraCycle Global Foundation,Thailand,536.29,0,0,7967.7,0,8503.99
Sep 2023,Portoviejo,Ichthion,Ecuador,33.96,0,0,0,1.27,35.230000000000004
Sep 2023,Song Hong,Ocean Conservancy,Vietnam,300.98,0,0,0,374.67,675.6500000000001
Sep 2023,Tijuana,WILDCOAST,Mexico,1688,0,1411.72,0,525,3624.7200000000003
Oct 2023,Athi,Chemolex,Kenya,0,40171,7785,0,613,48569
Oct 2023,Citarum,Greeneration Foundation,Indonesia,4978.3,56484.3,0,0,3216.8,64679.4
Oct 2023,Juan Díaz,Marea Verde,Panama,2660.18,0,0,0,2814.994233078,5475.174233078
Oct 2023,Kingston,The Ocean Cleanup,Jamaica,1149,0,0,0,275.5,1424.5
Oct 2023,Lat Phrao,TerraCycle Global Foundation,Thailand,782.5,0,0,6109.95,0,6892.450000000001
Oct 2023,Portoviejo,Ichthion,Ecuador,37.93,0,0,0,7.3100000000000005,45.239999999999995
Oct 2023,Song Hong,Ocean Conservancy,Vietnam,161.59,0,0,0,414.27,575.86
Oct 2023,Tijuana,WILDCOAST,Mexico,1619,0,31.93,0,320,1970.93
Nov 2023,Athi,Chemolex,Kenya,0,53307,10459,0,998,64764
Nov 2023,Citarum,Greeneration Foundation,Indonesia,3008.3,58792.3,0,0,2339.5,64140.1
Nov 2023,Juan Díaz,Marea Verde,Panama,3097.63,0,0,0,3445.4175114729987,6543.047511472999
Nov 2023,Kingston,The Ocean Cleanup,Jamaica,0,0,0,0,446.2,446.2
Nov 2023,Lat Phrao,TerraCycle Global Foundation,Thailand,613.74,0,0,8953.7,0,9567.44
Nov 2023,Portoviejo,Ichthion,Ecuador,100.87,0,0,0,2.82,103.69
Nov 2023,Song Hong,Ocean Conservancy,Vietnam,107.62,0,0,0,326.47,434.09000000000003
Nov 2023,Tijuana,WILDCOAST,Mexico,1355,0,304.01,0,707.8,2366.81
Dec 2023,Athi,Chemolex,Kenya,0,32668,9632,0,889,43189
Dec 2023,Citarum,Greeneration Foundation,Indonesia,6716.25,65412.23,0,0,3000.46,75128.94
Dec 2023,Juan Díaz,Marea Verde,Panama,161.93,0,0,0,877.266249003,1039.196249003
Dec 2023,Kingston,The Ocean Cleanup,Jamaica,0,0,0,0,242,242
Dec 2023,Lat Phrao,TerraCycle Global Foundation,Thailand,665.59,0,0,10359.650000000001,0,11025.240000000002
Dec 2023,Portoviejo,Ichthion,Ecuador,70.74000000000001,0,0,0,3.8200000000000003,74.56
Dec 2023,Song Hong,Ocean Conservancy,Vietnam,157.40000000000003,0,0,0,758.71,916.1100000000001
Dec 2023,Tijuana,WILDCOAST,Mexico,1098,0,166.98,0,169,1433.98
