date,river_id,organization,country,plastic_item_bottles,plastic_item_bags,plastic_item_wrappers,plastic_item_foam,plastic_item_other,plastic_debris_items_total
Jun 2020,Athi,Chemolex,Kenya,430,100,200,120,650,1500
Jul 2020,Athi,Chemolex,Kenya,1710,700,1550,430,2490,6880
Aug 2020,Athi,Chemolex,Kenya,1940,1100,1990,910,2410,8350
Sep 2020,Athi,Chemolex,Kenya,1450,400,700,440,610,3600
Oct 2020,Athi,Chemolex,Kenya,4480,2240,2750,800,4200,14470
Nov 2020,Athi,Chemolex,Kenya,3800,1550,1320,490,4890,12050
Dec 2020,Athi,Chemolex,Kenya,6000,2250,3000,880,3870,16000
Jan 2021,Athi,Chemolex,Kenya,6927,1850,2320,150,7243,18490
Jan 2021,Portoviejo,Ichthion,Ecuador,0.9,0,0.5,0,4.25,5.65
Feb 2021,Athi,Chemolex,Kenya,7790,2540,2650,536,7707,21223
Feb 2021,Portoviejo,Ichthion,Ecuador,0.55,0.35,0,0,29.25,30.15
Feb 2021,Song Hong,Ocean Conservancy,Vietnam,0,12,0.7,0,160.8,173.5
Mar 2021,Athi,Chemolex,Kenya,11020,4847,3120,980,10088,30055
Mar 2021,Portoviejo,Ichthion,Ecuador,0.55,3.4,0.8,0,17.35,22.1
Mar 2021,Song Hong,Ocean Conservancy,Vietnam,4.42,103.3,12.2,5.22,13.96,139.1
Apr 2021,Athi,Chemolex,Kenya,13427,7060,19475,1398,20840,62200
Apr 2021,Portoviejo,Ichthion,Ecuador,11.25,0,0,0,52.8,64.05
Apr 2021,Song Hong,Ocean Conservancy,Vietnam,5.01,35.93,1.23,8.5,13.71,64.38
May 2021,Athi,Chemolex,Kenya,19670,5039,6340,540,11711,43300
May 2021,Portoviejo,Ichthion,Ecuador,12.3,0.35,0,0,26.4,39.05
May 2021,Song Hong,Ocean Conservancy,Vietnam,1.5,57.1,1.1,6,9.59999999999999,75.3
Jun 2021,Athi,Chemolex,Kenya,10200,2995,2970,885,7460,24510
Jun 2021,Portoviejo,Ichthion,Ecuador,5.7,3.07,1.5,7.4,22.25,39.92
Jun 2021,Song Hong,Ocean Conservancy,Vietnam,8.4,52.3,2.8,8.7,17.8,89.99999999999999
Jul 2021,Athi,Chemolex,Kenya,9603,1664,1630,735,6314,19946
Jul 2021,Portoviejo,Ichthion,Ecuador,4.9,3.18,0.03,0,18.77,26.88
Jul 2021,Song Hong,Ocean Conservancy,Vietnam,6.8,30.4,1.8,4.6,20,63.599999999999994
Aug 2021,Athi,Chemolex,Kenya,12858,2618,1194,483,6459,23612
Aug 2021,Portoviejo,Ichthion,Ecuador,3.24,1.49,1.76,7.075,10.315,23.880000000000003
Aug 2021,Song Hong,Ocean Conservancy,Vietnam,2.8,25.1,1.4,2.8,12.7,44.8
Sep 2021,Athi,Chemolex,Kenya,10907,2128,2357,260,3805,19457
Sep 2021,Portoviejo,Ichthion,Ecuador,7.965,1.88,1.27,4.835,24.73,40.68
Sep 2021,Song Hong,Ocean Conservancy,Vietnam,3.6,18.3,2.9,2,16.6,43.400000000000006
Oct 2021,Athi,Chemolex,Kenya,11582,3171,2401,200,7903,25257
Oct 2021,Portoviejo,Ichthion,Ecuador,5.6,3.87,2.46,6.67,16.15,34.75
Oct 2021,Song Hong,Ocean Conservancy,Vietnam,1.7,4.5,1.3,1.4,1.5,10.4
Nov 2021,Athi,Chemolex,Kenya,15528,2462,2945,921,12626,34482
Nov 2021,Portoviejo,Ichthion,Ecuador,13.51,5.62,3.15,5.48,56.97,84.72999999999999
Nov 2021,Song Hong,Ocean Conservancy,Vietnam,0.4,5.3,0.1,0.7,1.5,8
Dec 2021,Athi,Chemolex,Kenya,12447,3046,3287,1751,8415,28946
Dec 2021,Citarum,Greeneration Foundation,Indonesia,7,160.5,470.7,0,3322.8,3961
Dec 2021,Portoviejo,Ichthion,Ecuador,5.81,7.25,3.74,11.99,107.76,136.55
Dec 2021,Song Hong,Ocean Conservancy,Vietnam,0.5,14,0.4,6.1,6.2,27.2
Jan 2022,Athi,Chemolex,Kenya,11662,3850,2773,782,6095,25162
Jan 2022,Citarum,Greeneration Foundation,Indonesia,49.2,3020.2,337,0,7705.6,11112
Jan 2022,Portoviejo,Ichthion,Ecuador,7.64,4.71,3.82,13.06,85.69,114.91999999999999
Jan 2022,Song Hong,Ocean Conservancy,Vietnam,1.5,10.5,0.5,2.2,2.3,17
Feb 2022,Athi,Chemolex,Kenya,10659,2696,3041,815,6422,23633
Feb 2022,Citarum,Greeneration Foundation,Indonesia,49,3900.7,349,2,15005.5,19306.2
Feb 2022,Portoviejo,Ichthion,Ecuador,5.71,3.88,3.42,7.69,69.26,89.96000000000001
Feb 2022,Song Hong,Ocean Conservancy,Vietnam,1.1,15.7,0.6,0.8,1.9,20.1
Mar 2022,Athi,Chemolex,Kenya,8963,2789,2159,578,7981,22470
Mar 2022,Citarum,Greeneration Foundation,Indonesia,96.8,4608,430.5,0,16025,21160.3
Mar 2022,Portoviejo,Ichthion,Ecuador,3.34,0.98,0.94,1.21,17.71,24.18
Mar 2022,Song Hong,Ocean Conservancy,Vietnam,2.7,7.3,1.2,1.9,10.5,23.6
Apr 2022,Athi,Chemolex,Kenya,8389,1982,1824,946,6517,19658
Apr 2022,Citarum,Greeneration Foundation,Indonesia,112.1,5790.6,436,0,9092.3,15431
Apr 2022,Portoviejo,Ichthion,Ecuador,4.62,0.68,1.63,3.44,42.83,53.199999999999996
Apr 2022,Song Hong,Ocean Conservancy,Vietnam,2.5,8.5,0.3,1.8,5,18.1
May 2022,Athi,Chemolex,Kenya,4936,2185,996,614,7327,16058
May 2022,Citarum,Greeneration Foundation,Indonesia,55,1730.6,429,0,2655.6,4870.2
May 2022,Portoviejo,Ichthion,Ecuador,8.81,1.81,2.7,9.04,40.81,63.17
May 2022,Song Hong,Ocean Conservancy,Vietnam,32.2,368,16.900000000000002,41.1,77.4,535.6
Jun 2022,Athi,Chemolex,Kenya,5796,1609,1693,917,3722,13737
Jun 2022,Citarum,Greeneration Foundation,Indonesia,5,8792,596,0,18834,28227
Jun 2022,Portoviejo,Ichthion,Ecuador,6.25,52.63,2.71,7.2,33.66,102.45
Jun 2022,Song Hong,Ocean Conservancy,Vietnam,23,3.8,1.3,23.5,6.4,58
Jul 2022,Athi,Chemolex,Kenya,3192,2857,8735,2141,5647,22572
Jul 2022,Citarum,Greeneration Foundation,Indonesia,0,9014,630.8,0,19504.4,29149.2
Jul 2022,Portoviejo,Ichthion,Ecuador,10.6,6.78,3.59,18.39,69.68,109.04
Jul 2022,Song Hong,Ocean Conservancy,Vietnam,39.4,34.1,8.7,55.4,59.80000000000001,197.39999999999998
Aug 2022,Athi,Chemolex,Kenya,5349,4477,10558,8633,4744,33761
Aug 2022,Citarum,Greeneration Foundation,Indonesia,17.6,4821.9,546.8,0,18228.8,23615.1
Aug 2022,Portoviejo,Ichthion,Ecuador,18.11,3.01,4.67,22.16,111.44,159.39
Aug 2022,Song Hong,Ocean Conservancy,Vietnam,42.3,37,10.9,55.2,85.6,231
Sep 2022,Athi,Chemolex,Kenya,8496.81,3170.92254,9499.170119999999,7199.9749999999985,5024.399340000001,33391.277
Sep 2022,Citarum,Greeneration Foundation,Indonesia,145.1,1652.3,466.9,0,18791.8,21056.1
Sep 2022,Portoviejo,Ichthion,Ecuador,6.92,12.79,1.95,10.52,106.99,139.17
Sep 2022,Song Hong,Ocean Conservancy,Vietnam,24.5,25.9,3.3,29.9,45.1,128.7
Oct 2022,Athi,Chemolex,Kenya,5384.9000000000005,4912.7,9418.4,6345.3,6847.5999999999995,32908.9
Oct 2022,Citarum,Greeneration Foundation,Indonesia,131.6,6305.4,451.2,0,9135.9,16024.099999999999
Oct 2022,Portoviejo,Ichthion,Ecuador,5.29,21.94,1.93,6.75,96.42,132.32999999999998
Oct 2022,Song Hong,Ocean Conservancy,Vietnam,22.5,15.6,0.6,28.8,70.1,137.6
Nov 2022,Athi,Chemolex,Kenya,8072,8015,7380,7071,3365,33903
Nov 2022,Citarum,Greeneration Foundation,Indonesia,232,4074.1,443.9,0,10015.1,14765.1
Nov 2022,Portoviejo,Ichthion,Ecuador,4.14,7.77,2.27,4.76,81.25,100.19
Nov 2022,Song Hong,Ocean Conservancy,Vietnam,33.5,121.3,2.6999999999999997,44.4,89.4,291.29999999999995
Dec 2022,Athi,Chemolex,Kenya,4970,4960,5034,4778,2198,21940
Dec 2022,Citarum,Greeneration Foundation,Indonesia,270.8,949.43,863.5,356.8,4212.3,6652.83
Dec 2022,Portoviejo,Ichthion,Ecuador,7.6899999999999995,8.94,4.14,6.8999999999999995,121.34,149.01
Dec 2022,Song Hong,Ocean Conservancy,Vietnam,51.06,202.6,2.6399999999999997,44.58,118.66999999999999,419.55
Jan 2023,Athi,Chemolex,Kenya,13307,9764,10853,11049,11697,56670
Jan 2023,Citarum,Greeneration Foundation,Indonesia,255.4,775.6,713.8,306,3384.7,5435.5
Jan 2023,Portoviejo,Ichthion,Ecuador,11.15,8.61,4.71,10.780000000000001,153.65,188.9
Jan 2023,Song Hong,Ocean Conservancy,Vietnam,25.2,164.8,5.8999999999999995,33,116.8,345.7
Feb 2023,Athi,Chemolex,Kenya,8951,7904,6631,7224,11789,42499
Feb 2023,Citarum,Greeneration Foundation,Indonesia,277,1153.9,728.9,275.2,3378.4,5813.4
Feb 2023,Portoviejo,Ichthion,Ecuador,25.5,62.65,2.08,16.48,94.51,201.22
Feb 2023,Song Hong,Ocean Conservancy,Vietnam,46.3,263.7,12.9,62.599999999999994,146.7,532.2
Mar 2023,Athi,Chemolex,Kenya,15396,3927,8578,10056,15424,53381
Mar 2023,Citarum,Greeneration Foundation,Indonesia,334.6,2015.2,1043.3,381.8,5959.5,9734.400000000001
Mar 2023,Portoviejo,Ichthion,Ecuador,84.58,0.99,1.57,15.209999999999999,86.61,188.96
Mar 2023,Song Hong,Ocean Conservancy,Vietnam,28.6,236.8,8.7,43.099999999999994,101.5,418.7
Apr 2023,Athi,Chemolex,Kenya,11201,8888,8799,7770,17148,53806
Apr 2023,Citarum,Greeneration Foundation,Indonesia,205.6,1109.8,617.3,230.8,3565.1,5728.6
Apr 2023,Portoviejo,Ichthion,Ecuador,60.98,0.05,0.08,1.68,108.91,171.70000000000002
Apr 2023,Song Hong,Ocean Conservancy,Vietnam,36.199999999999996,261.2,8.7,54.3,127,487.40000000000003
May 2023,Athi,Chemolex,Kenya,12653,10965,7675,8963,18029,58285
May 2023,Citarum,Greeneration Foundation,Indonesia,334.9,1229,981.5,354.4,5190.2,8090
May 2023,Portoviejo,Ichthion,Ecuador,88.02,0,0,1.1,129.6,218.71999999999997
May 2023,Song Hong,Ocean Conservancy,Vietnam,50.1,331.6,7.7,44.900000000000006,95.6,529.9
Jun 2023,Athi,Chemolex,Kenya,14230,8526,10312,8086,18930,60084
Jun 2023,Citarum,Greeneration Foundation,Indonesia,186,766.8,531,250.1,2907.2,4641.0999999999995
Jun 2023,Portoviejo,Ichthion,Ecuador,86.11,0,0.07,0.46,74.18,160.82
Jun 2023,Song Hong,Ocean Conservancy,Vietnam,40.714999999999996,175.87,13.722,36.207,49.327,315.841
Jul 2023,Athi,Chemolex,Kenya,15715,9324,9775,8975,18300,62089
Jul 2023,Citarum,Greeneration Foundation,Indonesia,297.2,1499,1158.5,350.4,6005,9310.1
Jul 2023,Portoviejo,Ichthion,Ecuador,87.66,0,0,0,39.02,126.68
Jul 2023,Song Hong,Ocean Conservancy,Vietnam,34.772,239.83100000000002,14.05,30.815,102.882,422.35
Aug 2023,Athi,Chemolex,Kenya,9091,9231,9350,8669,18823,55164
Aug 2023,Citarum,Greeneration Foundation,Indonesia,278,997.5,929.5,343.7,5418.2,7966.9
Aug 2023,Portoviejo,Ichthion,Ecuador,24.64,0,0.61,2.12,22.08,49.45
Aug 2023,Song Hong,Ocean Conservancy,Vietnam,70.79599999999999,205.65599999999998,9.331,111.869,190.578,588.23
Sep 2023,Athi,Chemolex,Kenya,8474,8858,8661,8050,18379,52422
Sep 2023,Citarum,Greeneration Foundation,Indonesia,316,1365.7,1227.1,450.4,7149,10508.2
Sep 2023,Portoviejo,Ichthion,Ecuador,15.38,0,0.61,1.35,17.89,35.230000000000004
Sep 2023,Song Hong,Ocean Conservancy,Vietnam,69.221,183.946,24.205,113.548,284.73,675.6500000000001
Oct 2023,Athi,Chemolex,Kenya,7794,8283,8436,7394,16662,48569
Oct 2023,Citarum,Greeneration Foundation,Indonesia,360,2423.5,1775,483,6024.9000000000005,11066.4
Oct 2023,Portoviejo,Ichthion,Ecuador,18.63,1.47,2.4,2.55,20.189999999999998,45.239999999999995
Oct 2023,Song Hong,Ocean Conservancy,Vietnam,60.086,232.763,23.378,114.4,145.223,575.85
Nov 2023,Athi,Chemolex,Kenya,9894,11894,10820,10038,22118,64764
Nov 2023,Citarum,Greeneration Foundation,Indonesia,308.4,1490,967.9,374,4748.8,7889.1
Nov 2023,Portoviejo,Ichthion,Ecuador,45.89,15.01,10.4,4.43,27.96,103.69
Nov 2023,Song Hong,Ocean Conservancy,Vietnam,49.2,217.67999999999998,10.152999999999999,64.93,92.127,434.09000000000003
Dec 2023,Athi,Chemolex,Kenya,5722,6069,5701,5227,20470,43189
Dec 2023,Citarum,Greeneration Foundation,Indonesia,474,2251.7799999999997,1272.75,440.75,7077.66,11516.94
Dec 2023,Portoviejo,Ichthion,Ecuador,10.84,20.009999999999998,8.27,3.92,31.52,74.56
Dec 2023,Song Hong,Ocean Conservancy,Vietnam,56.89,458.29999999999995,40,199.275,161.645,916.11
